item_id,name,usable_at_45,required_level,item_level,slot,slot_code,item_type,item_subtype,quality,spell_power,intellect,haste,hit,crit,spirit,mp5,chrono_score,discovered,collected,worldforged,locations,tooltip
354271,Drape of the Lost,True,45,50,Back,INVTYPE_CLOAK,Armor,Cloth,3,0,9,0,0,6,0,0,9.6,True,False,True,"Azshara 14.9, 78.1 [CONFIRMED]",drape of the lost worldforged binds when picked up back 11 armor +6 stamina +9 intellect requires level 45 item level 50 equip: improves critical strike rating by 6.   you haven't collected this appearance
515167,Beastpile Drape,True,45,50,Back,INVTYPE_CLOAK,Armor,Cloth,2,0,0,0,0,0,0,0,0.0,True,False,True,"Feralas 73.6, 63.6 [FADING]",beastpile drape worldforged binds when picked up back 10 armor +5 agility +5 stamina requires level 45 item level 50 equip: increases attack power by 8.   you haven't collected this appearance
515181,Yeti Napkin,True,45,50,Back,INVTYPE_CLOAK,Armor,Cloth,3,0,0,0,0,0,0,0,0.0,True,False,True,"Feralas 52.3, 60.8 [FADING]",yeti napkin worldforged binds when picked up back 11 armor +8 strength +9 stamina requires level 45 item level 50   you haven't collected this appearance
515719,Seabreeze Hauberk,True,45,50,Chest,INVTYPE_CHEST,Armor,Mail,2,0,0,0,10,0,0,0,4.5,True,False,True,"The Hinterlands 79.0, 71.0 [CONFIRMED]",seabreeze hauberk worldforged binds when picked up chest mail 235 armor +9 agility +9 stamina requires level 45 item level 50 equip: improves hit rating by 10.   you haven't collected this appearance
516037,Sturdy Spectral Ring,True,45,50,Finger,INVTYPE_FINGER,Armor,Miscellaneous,3,0,0,0,0,0,0,0,0.0,True,False,True,"Blasted Lands 52.2, 5.5 [FADING]",sturdy spectral ring worldforged binds when picked up unique-equipped: sturdy spectral ring (1) finger +5 strength +6 stamina requires level 45 item level 50 equip: increases defense rating by 6.
515166,Bug Catchers,True,45,50,Hands,INVTYPE_HAND,Armor,Leather,3,10,11,0,0,0,0,0,18.8,True,False,True,"Feralas 74.5, 65.0 [CONFIRMED]",bug catchers worldforged binds when picked up hands leather 42 armor +8 stamina +11 intellect requires level 45 item level 50 equip: increases spell power by 10.   you haven't collected this appearance
515251,Magma Petting Mittens,True,45,50,Hands,INVTYPE_HAND,Armor,Mail,3,0,0,0,0,0,0,0,0.0,True,False,True,"Searing Gorge 56.0, 81.0 [CONFIRMED]","magma petting mittens worldforged binds when picked up hands mail 163 armor +7 strength +8 agility +8 stamina +8 fire resistance requires level 45 item level 50 ""love and heat go hand in hand.""   you haven't collected this appearance"
415045,Mok'rash's Circlet,True,45,50,Head,INVTYPE_HEAD,Armor,Leather,3,0,0,0,0,0,0,0,0.0,True,False,True,"Stranglethorn Vale 24.0, 72.0 [FADING]",mok'rash's circlet worldforged binds when picked up head leather 54 armor +16 stamina requires level 45 item level 50 equip: when struck in combat by melee attacks you have a chance to inflict 33 frost damage to all enemies within 8 yards.   you haven't collected this appearance
415157,Ragescorn Circlet,True,45,50,Head,INVTYPE_HEAD,Armor,Mail,4,0,0,0,0,0,8,0,0.0,True,False,True,"Badlands 57.0, 40.0 [CONFIRMED]",ragescorn circlet worldforged binds when picked up head mail 244 armor +5 strength +6 agility +8 spirit requires level 45 item level 50 equip: increases your armor penetration rating by 6. equip: taking melee damage while below 50% health has a chance to increase your attack power by 50 for 10 seconds. can only occur once every 60 seconds.   you haven't collected this appearance
515798,Desert Trader's Pants,True,45,50,Legs,INVTYPE_LEGS,Armor,Leather,2,0,0,0,0,0,0,0,0.0,True,False,True,"Tanaris 54.6, 60.4 [CONFIRMED]",desert trader's pants worldforged binds when picked up legs leather 53 armor +8 agility +8 stamina requires level 45 item level 50 equip: increases attack power by 12.   you haven't collected this appearance
515185,Zapping Rod,True,45,50,Main hand,INVTYPE_WEAPONMAINHAND,Weapon,One-Handed Maces,3,11,6,0,0,0,0,0,15.8,True,False,True,"Feralas 45.0, 43.2 [CONFIRMED]","zapping rod worldforged binds when picked up main hand mace 39 - 59 damage speed 2.30 (21.2 damage per second) +4 strength +6 intellect requires level 45 item level 50 equip: increases spell power by 11. equip: chance to release stored energy, dealing 63 nature damage to the target.   you haven't collected this appearance"
515168,Long-Clawed Gnoll Paw,True,45,50,Main hand,INVTYPE_WEAPONMAINHAND,Weapon,Fist Weapons,3,0,0,0,7,0,0,0,3.15,True,False,True,"Feralas 74.1, 62.0 [CONFIRMED]",long-clawed gnoll paw worldforged binds when picked up main hand fist weapon 70 - 106 damage speed 2.70 (32.6 damage per second) +6 agility requires level 45 item level 50 equip: improves hit rating by 7. equip: increases attack power by 9.   you haven't collected this appearance
354273,Vigilant Glaive,True,45,50,Main hand,INVTYPE_WEAPONMAINHAND,Weapon,One-Handed Swords,3,0,0,0,0,0,0,0,0.0,True,False,True,"Azshara 20.9, 62.0 [CONFIRMED]",vigilant glaive worldforged binds when picked up main hand sword 57 - 86 damage speed 2.20 (32.5 damage per second) +6 agility +6 stamina requires level 45 item level 50 equip: increases your expertise rating by 7.   you haven't collected this appearance
515178,Necklace of the Sunken Empire,True,45,50,Neck,INVTYPE_NECK,Armor,Miscellaneous,4,6,7,0,0,0,0,0,11.6,True,False,True,"Feralas 53.0, 76.0 [FADING]",necklace of the sunken empire worldforged binds when picked up neck +4 stamina +7 intellect requires level 45 item level 50 equip: increases spell power by 6. equip: your direct spells have a chance to restore 75 mana every 4 sec for 12 seconds.
515163,Ambercoil Pendant,True,45,50,Neck,INVTYPE_NECK,Armor,Miscellaneous,3,0,0,0,0,0,0,0,0.0,True,False,True,"Feralas 78.2, 62.9 [FADING]",ambercoil pendant worldforged binds when picked up neck +8 agility +8 stamina +6 nature resistance requires level 45 item level 50
354236,Defiled Necklace,True,45,50,Neck,INVTYPE_NECK,Armor,Miscellaneous,3,0,0,0,0,0,0,0,0.0,False,False,True,,"defiled necklace worldforged binds when picked up neck +14 stamina +4 fire resistance +4 nature resistance +4 frost resistance +13 shadow resistance +4 arcane resistance requires level 45 item level 50 ""once made to protect its wearer from harm, this necklace has been twisted by its proximity to the atal'ai."""
515823,Winkey's Misplaced Wrench,True,45,50,One-hand,INVTYPE_WEAPON,Weapon,One-Handed Maces,3,8,9,0,0,0,0,0,15.2,True,False,True,"Tanaris 66.0, 64.3 [CONFIRMED]",winkey's misplaced wrench worldforged binds when picked up one-hand mace 68 - 102 damage speed 2.60 (32.7 damage per second) +5 strength +9 intellect requires level 45 item level 50 equip: increases spell power by 8.   you haven't collected this appearance
515145,Seamstress Scissors,True,45,50,One-hand,INVTYPE_WEAPON,Weapon,Daggers,4,0,0,0,7,0,0,0,3.15,True,False,True,"Feralas 84.0, 49.0 [FADING]",seamstress scissors worldforged binds when picked up one-hand dagger 51 - 77 damage speed 1.70 (37.6 damage per second) +6 agility requires level 45 item level 50 equip: improves hit rating by 7. equip: increases your armor penetration rating by 6. equip: tailoring skill increased by 5.   you haven't collected this appearance
354238,Sharpened Dragon Bone,True,45,50,One-hand,INVTYPE_WEAPON,Weapon,Daggers,3,0,0,0,0,0,0,0,0.0,False,False,True,,sharpened dragon bone worldforged binds when picked up one-hand dagger 47 - 70 damage speed 1.80 (32.5 damage per second) +8 agility requires level 45 item level 50 equip: increases attack power by 13.   you haven't collected this appearance
415104,Mind's Eye Fragment,True,45,50,Ranged,INVTYPE_RANGEDRIGHT,Weapon,Wands,4,5,5,0,0,0,0,0,9.0,True,False,True,"Stranglethorn Vale 53.0, 28.0 [CONFIRMED]",mind's eye fragment worldforged binds when picked up ranged wand 87 - 131 fire damage speed 2.00 (54.5 damage per second) +4 stamina +5 intellect requires level 45 item level 50 equip: increases spell power by 5.   you haven't collected this appearance
354513,Wand of the Sands,True,45,50,Ranged,INVTYPE_RANGEDRIGHT,Weapon,Wands,3,5,0,0,0,0,4,0,5.0,True,False,True,"Tanaris 40.0, 29.0 [FADING]",wand of the sands worldforged binds when picked up ranged wand 64 - 96 fire damage speed 1.70 (47.1 damage per second) +3 stamina +4 spirit requires level 45 item level 50 equip: increases spell power by 5.   you haven't collected this appearance
515186,Strider Shot,True,45,50,Ranged,INVTYPE_RANGEDRIGHT,Weapon,Guns,3,0,0,0,0,0,0,0,0.0,True,False,True,"Feralas 40.4, 34.3 [CONFIRMED]",strider shot worldforged binds when picked up ranged gun 74 - 110 damage speed 2.90 (31.7 damage per second) +3 agility +3 stamina requires level 45 item level 50 equip: increases attack power against giants by 25.   you haven't collected this appearance
415150,Stonebloom Idol,True,45,50,Relic,INVTYPE_RELIC,Armor,Idols,3,0,0,0,0,0,0,0,0.0,False,False,True,,"stonebloom idol worldforged binds when picked up relic idol +3 stamina requires level 45 item level 50 equip: increases your dodge rating by 4. equip: feral charge - bear slams the ground, unleashing a devastating explosion of earth and rocks causing 40 physical damage to upto 5 enemies within 8 yards."
515164,Silithid Husk Shield,True,45,50,Shield,INVTYPE_SHIELD,Armor,Shields,3,0,9,0,0,6,0,0,9.6,True,False,True,"Feralas 79.0, 62.9 [CONFIRMED]",silithid husk shield worldforged binds when picked up off hand shield 1527 armor 29 block +5 strength +9 intellect requires level 45 item level 50 equip: improves critical strike rating by 6.   you haven't collected this appearance
515770,Lid of the Dead,True,45,50,Shield,INVTYPE_SHIELD,Armor,Shields,3,0,0,0,0,0,0,0,0.0,True,False,True,"Tanaris 40.7, 40.7 [FADING]",lid of the dead worldforged binds when picked up off hand shield 1527 armor 29 block +6 stamina requires level 45 item level 50 equip: increases your dodge rating by 7. equip: increases the block value of your shield by 6.   you haven't collected this appearance
515716,Terrapine Carapace,True,45,50,Shield,INVTYPE_SHIELD,Armor,Shields,2,0,0,0,0,0,0,0,0.0,True,False,True,"The Hinterlands 80.2, 55.3 [FADING]",terrapine carapace worldforged binds when picked up off hand shield 1380 armor 26 block +5 stamina requires level 45 item level 50 equip: increases your shield block rating by 6. equip: increases the block value of your shield by 5.   you haven't collected this appearance
354239,Pauldrons of the Ancient Prophet,True,45,50,Shoulders,INVTYPE_SHOULDER,Armor,Mail,3,11,13,0,0,0,0,0,21.4,False,False,True,,pauldrons of the ancient prophet worldforged binds when picked up shoulder mail 192 armor +8 stamina +13 intellect requires level 45 item level 50 equip: increases spell power by 11.   you haven't collected this appearance
515252,Dark Iron Leatherpads,True,45,50,Shoulders,INVTYPE_SHOULDER,Armor,Leather,2,0,0,0,0,0,0,0,0.0,True,False,True,"Searing Gorge 51.1, 67.1 [FADING]",dark iron leatherpads worldforged binds when picked up shoulder leather 46 armor +7 agility +7 stamina requires level 45 item level 50 equip: increases your expertise rating by 8.   you haven't collected this appearance
515176,Runestone Figurine,True,45,50,Trinket,INVTYPE_TRINKET,Armor,Miscellaneous,3,0,8,0,0,0,0,0,6.4,True,False,True,"Feralas 58.5, 71.0 [CONFIRMED]",runestone figurine worldforged binds when picked up unique-equipped trinket +8 intellect requires level 45 item level 50 use: deals 91 arcane damage to nearby enemies and knocks creatures back slightly. (3 min cooldown)
515260,Contraband Magician Rod,True,45,50,Two-hand,INVTYPE_2HWEAPON,Weapon,Staves,3,28,13,9,0,0,0,0,44.25,True,False,True,"Searing Gorge 35.0, 52.0 [CONFIRMED]",contraband magician rod worldforged binds when picked up two-hand staff 38 - 58 damage speed 2.90 (16.5 damage per second) +9 stamina +13 intellect requires level 45 item level 50 equip: improves haste rating by 9. equip: increases spell power by 28.   you haven't collected this appearance
515261,Zamael's Corrupted Twilight,True,45,50,Two-hand,INVTYPE_2HWEAPON,Weapon,Two-Handed Axes,3,0,11,0,0,0,0,0,8.8,True,False,True,"Searing Gorge 30.0, 26.0 [CONFIRMED]",zamael's corrupted twilight worldforged binds when picked up two-hand axe 123 - 184 damage speed 3.60 (42.6 damage per second) +8 agility +8 stamina +11 intellect requires level 45 item level 50 equip: direct damaging spells have a chance to make your auto attacks deal additional fire damage for 5 seconds.   you haven't collected this appearance
515191,Hatestrike,True,45,50,Two-hand,INVTYPE_2HWEAPON,Weapon,Polearms,3,0,0,0,9,0,0,0,4.05,True,False,True,"Feralas 28.8, 70.8 [FADING]","hatestrike worldforged binds when picked up two-hand polearm 123 - 184 damage speed 3.60 (42.6 damage per second) +8 agility +8 stamina requires level 45 item level 50 equip: improves hit rating by 9. chance on hit: strike with the seething hatred of the depths, causing an additional 103 frost damage.   you haven't collected this appearance"
354237,Dragoncarver,True,45,50,Two-hand,INVTYPE_2HWEAPON,Weapon,Two-Handed Axes,3,0,0,0,0,0,0,0,0.0,False,False,True,,dragoncarver worldforged binds when picked up two-hand axe 123 - 184 damage speed 3.60 (42.6 damage per second) +11 strength +11 stamina requires level 45 item level 50 equip: increases attack power by 17.   you haven't collected this appearance
515284,Runed Ogre Wrap,True,45,50,Waist,INVTYPE_WAIST,Armor,Cloth,3,10,11,0,0,8,0,0,22.0,True,False,True,"Blasted Lands 45.5, 16.2 [CONFIRMED]","runed ogre wrap worldforged binds when picked up waist cloth 12 armor +11 intellect requires level 45 item level 50 equip: improves critical strike rating by 8. equip: increases spell power by 10. ""the runes on the belt pulse with power from a long forgotten era.""   you haven't collected this appearance"
410155,Ghost-thread Shroud,False,53,58,Back,INVTYPE_CLOAK,Armor,Cloth,3,11,12,0,0,0,11,0,20.6,True,False,True,"Eastern Plaguelands 34.4, 79.4 [FADING]",ghost-thread shroud worldforged binds when picked up back 38 armor +12 intellect +11 spirit requires level 53 item level 58 equip: increases spell power by 11.   you haven't collected this appearance
515406,Water Dredger's Wrap,False,53,58,Back,INVTYPE_CLOAK,Armor,Cloth,2,9,10,0,0,0,0,0,17.0,True,False,True,"Un'Goro Crater 46.0, 43.0 [CONFIRMED]",water dredger's wrap worldforged binds when picked up back 34 armor +7 stamina +10 intellect requires level 53 item level 58 equip: increases spell power by 9.   you haven't collected this appearance
515705,Soothsayer Shroud,False,46,51,Back,INVTYPE_CLOAK,Armor,Cloth,3,9,10,0,0,0,9,0,17.0,True,False,True,"The Hinterlands 53.2, 39.2 [FADING]",soothsayer shroud worldforged binds when picked up back 11 armor +10 intellect +9 spirit requires level 46 item level 51 equip: increases spell power by 9.   you haven't collected this appearance
515300,Cursed Drape,False,53,58,Back,INVTYPE_CLOAK,Armor,Cloth,3,11,0,0,0,0,11,0,11.0,True,False,True,"Blasted Lands 43.0, 42.0 [CONFIRMED]",cursed drape worldforged binds when picked up back 38 armor +8 stamina +11 spirit requires level 53 item level 58 equip: increases spell power by 11.   you haven't collected this appearance
410187,Firestorm Cloak,False,54,59,Back,INVTYPE_CLOAK,Armor,Cloth,3,0,0,8,0,9,0,0,8.8,True,False,True,"Burning Steppes 78.0, 49.5 [CONFIRMED]",firestorm cloak worldforged binds when picked up back 38 armor +8 stamina requires level 54 item level 59 equip: improves critical strike rating by 9. equip: improves haste rating by 8.   you haven't collected this appearance
354255,Cartographer's Cape,False,50,55,Back,INVTYPE_CLOAK,Armor,Cloth,2,8,0,0,0,0,8,0,8.0,True,False,True,"Swamp of Sorrows 49.7, 49.6 [FADING]",cartographer's cape worldforged binds when picked up back 33 armor +6 stamina +8 spirit requires level 50 item level 55 equip: increases spell power by 8.   you haven't collected this appearance
515388,Slightly Sticky Cloak,False,52,57,Back,INVTYPE_CLOAK,Armor,Cloth,3,0,0,0,9,8,0,0,7.25,True,False,True,"Un'Goro Crater 48.0, 36.0 [FADING]",slightly sticky cloak worldforged binds when picked up back 37 armor +8 stamina +5 nature resistance requires level 52 item level 57 equip: improves critical strike rating by 8. equip: improves hit rating by 9.   you haven't collected this appearance
515375,Pterrodax Scale Cloak,False,52,57,Back,INVTYPE_CLOAK,Armor,Cloth,3,0,0,0,9,0,0,0,4.05,True,False,True,"Un'Goro Crater 57.6, 91.0 [FADING]",pterrodax scale cloak worldforged binds when picked up back 37 armor +8 agility +8 stamina requires level 52 item level 57 equip: improves hit rating by 9.   you haven't collected this appearance
515709,Zul Warder's Cloak,False,46,51,Back,INVTYPE_CLOAK,Armor,Cloth,3,0,0,0,8,0,0,0,3.6,True,False,True,"The Hinterlands 47.0, 70.0 [CONFIRMED]",zul warder's cloak worldforged binds when picked up back 11 armor +6 strength +7 agility requires level 46 item level 51 equip: improves hit rating by 8.   you've collected this appearance
515629,Spitelash Warbanner,False,50,55,Back,INVTYPE_CLOAK,Armor,Cloth,3,0,0,0,7,0,0,0,3.15,True,False,True,"Azshara 47.1, 59.5 [CONFIRMED]","spitelash warbanner worldforged binds when picked up back 36 armor +5 strength +6 stamina requires level 50 item level 55 equip: increases attack power by 9. equip: improves hit rating by 7. ""these lands bear the name of her radiance, and in her name shall we reclaim them!""   you haven't collected this appearance"
217847,Shroud of Infernal Shadows,False,55,60,Back,INVTYPE_CLOAK,Armor,Cloth,3,0,0,0,0,7,0,0,2.8,False,False,True,,shroud of infernal shadows binds when picked up back 35 armor +5 agility +5 stamina requires level 51 item level 49 equip: increases attack power by 7. equip: improves critical strike rating by 5. equip: improves your resilience rating by 12.   you haven't collected this appearance
515193,Thunderfur Cloak,False,46,51,Back,INVTYPE_CLOAK,Armor,Cloth,2,0,0,0,0,6,0,0,2.4,True,False,True,"Feralas 45.0, 26.0 [CONFIRMED]",thunderfur cloak worldforged binds when picked up back 10 armor +5 stamina requires level 46 item level 51 equip: increases attack power by 8. equip: improves critical strike rating by 6.   you haven't collected this appearance
354325,Torn Cloak,False,59,64,Back,INVTYPE_CLOAK,Armor,Cloth,3,0,0,0,0,0,0,0,0.0,True,False,True,"Silithus 67.3, 83.0 [CONFIRMED]",torn cloak worldforged binds when picked up back 41 armor +8 strength +9 stamina requires level 59 item level 64 equip: increases your parry rating by 11.   you haven't collected this appearance
410109,Ice Thistle Cape,False,56,61,Back,INVTYPE_CLOAK,Armor,Cloth,3,0,0,0,0,0,0,0,0.0,True,False,True,"Winterspring 71.0, 37.7 [CONFIRMED]",ice thistle cape worldforged binds when picked up back 40 armor +8 strength +9 stamina requires level 56 item level 61 equip: increases your dodge rating by 10.   you haven't collected this appearance
410211,Ashen Cape,False,55,60,Back,INVTYPE_CLOAK,Armor,Cloth,3,0,0,0,0,0,0,0,0.0,True,False,True,"Burning Steppes 63.0, 23.0 [CONFIRMED]",ashen cape worldforged binds when picked up back 39 armor +8 strength +8 stamina requires level 55 item level 60 equip: increases your dodge rating by 10.   you haven't collected this appearance
354453,Banner of the Dark Riders,False,55,60,Back,INVTYPE_CLOAK,Armor,Cloth,3,0,0,0,0,0,0,0,0.0,True,False,True,"Deadwind Pass 37.7, 30.6 [CONFIRMED]","banner of the dark riders worldforged binds when picked up back 39 armor +8 strength +8 stamina requires level 55 item level 60 equip: increases your dodge rating by 10. ""the sound of hoofbeats can be heard as you hold this piece of tattered cloth.""   you haven't collected this appearance"
410097,Wintergale Cloak,False,55,60,Back,INVTYPE_CLOAK,Armor,Cloth,3,0,0,0,0,0,0,0,0.0,True,False,True,"Winterspring 52.8, 27.2 [CONFIRMED]",wintergale cloak worldforged binds when picked up back 39 armor +14 stamina requires level 55 item level 60 equip: +8 stamina.   you haven't collected this appearance
410174,Scourge Cloak,False,53,58,Back,INVTYPE_CLOAK,Armor,Cloth,3,0,0,0,0,0,0,0,0.0,True,False,True,"Eastern Plaguelands 23.8, 29.9 [FADING]",scourge cloak worldforged binds when picked up back 38 armor +8 agility +8 stamina requires level 53 item level 58 equip: increases attack power by 12.   you haven't collected this appearance
515363,Silverback Cape,False,52,57,Back,INVTYPE_CLOAK,Armor,Cloth,2,0,0,0,0,0,0,0,0.0,True,False,True,"Un'Goro Crater 65.9, 18.3 [CONFIRMED]",silverback cape worldforged binds when picked up back 33 armor +6 strength +6 stamina requires level 52 item level 57 equip: increases attack power by 9.   you haven't collected this appearance
515327,Umbral Stalker's Tarp,False,51,56,Back,INVTYPE_CLOAK,Armor,Cloth,3,0,0,0,0,0,0,0,0.0,True,False,True,"Felwood 45.2, 34.1 [FADING]",umbral stalker's tarp worldforged binds when picked up back 36 armor +8 agility +7 stamina requires level 51 item level 56 equip: increases attack power by 11.   you haven't collected this appearance
410035,Plagued Cloak,False,50,55,Back,INVTYPE_CLOAK,Armor,Cloth,3,0,0,0,0,0,0,0,0.0,True,False,True,"Western Plaguelands 40.0, 79.0 [CONFIRMED]",plagued cloak worldforged binds when picked up back 36 armor +7 strength +7 stamina requires level 50 item level 55 equip: increases defense rating by 8.   you haven't collected this appearance
515711,Slime Coated Cloak,False,48,53,Back,INVTYPE_CLOAK,Armor,Cloth,3,0,0,0,0,0,0,0,0.0,True,False,True,"The Hinterlands 54.7, 40.5 [CONFIRMED]",slime coated cloak worldforged binds when picked up back 11 armor +6 strength +7 stamina requires level 48 item level 53 equip: increases defense rating by 8.   you haven't collected this appearance
515822,Sun Cover,False,48,53,Back,INVTYPE_CLOAK,Armor,Cloth,3,0,0,0,0,0,0,0,0.0,True,False,True,"Tanaris 63.0, 71.1 [FADING]",sun cover worldforged binds when picked up back 11 armor +10 stamina +10 fire resistance requires level 48 item level 53 equip: increases defense rating by 11.   you haven't collected this appearance
515748,Sand Cover,False,47,52,Back,INVTYPE_CLOAK,Armor,Cloth,2,0,0,0,0,0,0,0,0.0,True,False,True,"Tanaris 37.9, 67.6 [CONFIRMED]",sand cover worldforged binds when picked up back 10 armor +6 agility +6 stamina requires level 47 item level 52 equip: increases your dodge rating by 6.   you haven't collected this appearance
410157,Spiritwoven Vestments,False,58,63,Chest,INVTYPE_ROBE,Armor,Cloth,3,20,23,0,0,0,20,0,38.4,True,False,True,"Eastern Plaguelands 76.3, 41.0 [FADING]",spiritwoven vestments worldforged binds when picked up chest cloth 82 armor +23 intellect +20 spirit requires level 58 item level 63 equip: increases spell power by 20.   you haven't collected this appearance
410050,Runaway's Tunic,False,58,63,Chest,INVTYPE_CHEST,Armor,Leather,3,16,18,11,0,0,16,0,37.55,True,False,True,"Silithus 67.1, 69.7 [CONFIRMED]",runaway's tunic worldforged binds when picked up chest leather 164 armor +18 intellect +16 spirit requires level 58 item level 63 equip: increases spell power by 16. equip: improves haste rating by 11.   you haven't collected this appearance
217846,Tattered Tunic,False,55,60,Chest,INVTYPE_ROBE,Armor,Cloth,3,15,17,13,0,0,0,0,37.05,False,False,True,,tattered tunic binds when picked up chest cloth 71 armor +11 stamina +17 intellect requires level 51 item level 49 equip: increases spell power by 15. equip: improves spell haste rating by 13. equip: improves your resilience rating by 34.   you haven't collected this appearance
410064,Rockstalker Silk Robe,False,57,62,Chest,INVTYPE_ROBE,Armor,Cloth,3,16,17,0,0,12,16,0,34.4,True,False,True,"Silithus 33.1, 75.9 [CONFIRMED]",rockstalker silk robe worldforged binds when picked up chest cloth 81 armor +17 intellect +16 spirit requires level 57 item level 62 equip: increases spell power by 16. equip: improves critical strike rating by 12.   you haven't collected this appearance
410116,Frostweave Vestment,False,56,61,Chest,INVTYPE_ROBE,Armor,Cloth,3,16,17,0,0,12,0,0,34.4,True,False,True,"Winterspring 66.0, 60.0 [CONFIRMED]",frostweave vestment worldforged binds when picked up chest cloth 80 armor +12 stamina +17 intellect requires level 56 item level 61 equip: increases spell power by 16. equip: improves critical strike rating by 12.   you haven't collected this appearance
410128,Revival Garments,False,55,60,Chest,INVTYPE_CHEST,Armor,Leather,3,15,17,0,0,0,15,0,28.6,True,False,True,"Eastern Plaguelands 24.1, 78.2 [CONFIRMED]",revival garments worldforged binds when picked up chest leather 157 armor +11 stamina +17 intellect +15 spirit requires level 55 item level 60 equip: increases spell power by 15.   you haven't collected this appearance
515699,Brood Caller's Raiment,False,46,51,Chest,INVTYPE_CHEST,Armor,Leather,3,15,17,0,0,0,15,0,28.6,True,False,True,"The Hinterlands 32.0, 67.0 [CONFIRMED]",brood caller's raiment worldforged binds when picked up chest leather 68 armor +17 intellect +15 spirit requires level 46 item level 51 equip: increases spell power by 15.   you haven't collected this appearance
515697,Hexweave Robes,False,46,51,Chest,INVTYPE_ROBE,Armor,Cloth,3,15,17,0,0,0,0,0,28.6,True,False,True,"The Hinterlands 24.9, 65.9 [CONFIRMED]",hexweave robes worldforged binds when picked up chest cloth 22 armor +11 stamina +17 intellect requires level 46 item level 51 equip: increases spell power by 15.   you haven't collected this appearance
354278,Legashi Hellmail,False,51,56,Chest,INVTYPE_CHEST,Armor,Mail,3,14,15,0,0,0,0,0,26.0,True,False,True,"Azshara 51.9, 19.4 [FADING]",legashi hellmail worldforged binds when picked up chest mail 312 armor +10 stamina +15 intellect requires level 51 item level 56 equip: increases spell power by 14. equip: increases attack power by 15.   you haven't collected this appearance
354276,Bear's Head Apprentice Robe,False,46,51,Chest,INVTYPE_ROBE,Armor,Cloth,3,12,13,0,0,9,0,0,26.0,True,False,True,"Azshara 29.9, 40.1 [FADING]",bear's head apprentice robe worldforged binds when picked up chest cloth 22 armor +9 stamina +13 intellect requires level 46 item level 51 equip: increases spell power by 12. equip: improves critical strike rating by 9.   you haven't collected this appearance
515398,Silithid Ritual Robe,False,51,56,Chest,INVTYPE_ROBE,Armor,Cloth,3,17,0,0,15,0,0,0,23.75,True,False,True,"Un'Goro Crater 44.2, 74.2 [CONFIRMED]",silithid ritual robe worldforged binds when picked up chest cloth 74 armor +13 stamina requires level 51 item level 56 equip: increases spell power by 17. equip: improves hit rating by 15.   you haven't collected this appearance
354461,Celsalia's Luxorious Robes,False,58,63,Chest,INVTYPE_ROBE,Armor,Cloth,3,16,0,11,0,0,16,0,23.15,True,False,True,"Deadwind Pass 42.8, 74.4 [FADING]","celsalia's luxorious robes worldforged binds when picked up chest cloth 82 armor +12 stamina +16 spirit requires level 58 item level 63 equip: increases spell power by 16. equip: improves haste rating by 11. ""clothing pulled from the pages of a book""   you haven't collected this appearance"
515313,Timelost Vestments,False,47,52,Chest,INVTYPE_ROBE,Armor,Cloth,3,16,0,11,0,0,0,0,23.15,True,False,True,"Felwood 57.0, 86.0 [CONFIRMED]",timelost vestments worldforged binds when picked up chest cloth 23 armor +12 stamina requires level 47 item level 52 equip: increases spell power by 16. equip: improves haste rating by 11.   you haven't collected this appearance
410221,Ashstone Robes,False,56,61,Chest,INVTYPE_ROBE,Armor,Cloth,3,19,0,0,0,0,20,0,19.0,True,False,True,"Burning Steppes 16.0, 26.0 [FADING]",ashstone robes worldforged binds when picked up chest cloth 80 armor +14 stamina +20 spirit requires level 56 item level 61 equip: increases spell power by 19.   you haven't collected this appearance
410025,Scarlet Robe,False,56,61,Chest,INVTYPE_ROBE,Armor,Cloth,3,0,17,0,0,12,15,0,18.4,True,False,True,"Western Plaguelands 45.1, 15.1 [FADING]",scarlet robe worldforged binds when picked up chest cloth 80 armor +12 stamina +17 intellect +15 spirit requires level 56 item level 61 equip: improves critical strike rating by 12.   you haven't collected this appearance
515783,Chitinous Chest,False,47,52,Chest,INVTYPE_CHEST,Armor,Mail,3,0,17,0,0,12,0,0,18.4,True,False,True,"Tanaris 55.9, 77.2 [CONFIRMED]",chitinous chest worldforged binds when picked up chest mail 265 armor +12 agility +17 intellect requires level 47 item level 52 equip: improves critical strike rating by 12.   you haven't collected this appearance
410061,Silithic Scale Hauberk,False,59,64,Chest,INVTYPE_CHEST,Armor,Mail,3,0,0,0,14,13,0,0,11.5,True,False,True,"Silithus 23.7, 62.4 [CONFIRMED]",silithic scale hauberk worldforged binds when picked up chest mail 352 armor +12 agility +12 stamina requires level 59 item level 64 equip: improves critical strike rating by 13. equip: improves hit rating by 14.   you haven't collected this appearance
515368,Brand New Bikini,False,52,57,Chest,INVTYPE_CHEST,Armor,Leather,3,0,0,0,15,0,0,0,6.75,True,False,True,"Un'Goro Crater 30.2, 56.8 [CONFIRMED]",brand new bikini worldforged binds when picked up chest leather 150 armor +13 agility requires level 52 item level 57 equip: increases attack power by 19. equip: improves hit rating by 15.   you haven't collected this appearance
354328,Burning Vanguard Hauberk,False,51,56,Chest,INVTYPE_CHEST,Armor,Mail,3,0,0,0,0,13,0,0,5.2,True,False,True,"Burning Steppes 95.0, 31.3 [FADING]",burning vanguard hauberk worldforged binds when picked up chest mail 312 armor +13 stamina requires level 51 item level 56 equip: increases attack power by 20. equip: improves critical strike rating by 13.   you haven't collected this appearance
515283,Nethergarde Foreman Chest,False,46,51,Chest,INVTYPE_CHEST,Armor,Leather,2,0,0,0,11,0,0,0,4.95,True,False,True,"Blasted Lands 54.0, 12.0 [CONFIRMED]",nethergarde foreman chest worldforged binds when picked up chest leather 62 armor +9 agility +9 stamina requires level 46 item level 51 equip: improves hit rating by 11.   you haven't collected this appearance
515394,Crystal Fused Carapace,False,53,58,Chest,INVTYPE_CHEST,Armor,Mail,3,0,0,0,0,11,0,0,4.4,True,False,True,"The Slithering Scar 44.3, 70.8 [CONFIRMED]",crystal fused carapace worldforged binds when picked up chest mail 323 armor +10 strength +11 agility +11 stamina requires level 53 item level 58 equip: improves critical strike rating by 11.   you haven't collected this appearance
515243,Shadowsilk Seared Cuirass,False,46,51,Chest,INVTYPE_CHEST,Armor,Leather,3,0,0,0,9,0,0,0,4.05,True,False,True,"Searing Gorge 58.9, 29.4 [CONFIRMED]","shadowsilk seared cuirass worldforged binds when picked up chest leather 68 armor +8 agility +8 stamina requires level 46 item level 51 equip: improves hit rating by 9. equip: whenever you take fire damage you have a chance to cause the burns on your chest to flare up increasing the fire damage you take by 10% and deal 53 fire damage to nearby enemies every 2 seconds for 8 seconds. ""severely burned by lava spiders...""   you haven't collected this appearance"
515765,Sky Guard's Cuirass,False,47,52,Chest,INVTYPE_CHEST,Armor,Plate,2,0,0,0,0,10,0,0,4.0,True,False,True,"Tanaris 30.2, 74.1 [CONFIRMED]",sky guard's cuirass worldforged binds when picked up chest plate 584 armor +9 strength requires level 47 item level 52 equip: improves critical strike rating by 10. equip: increases attack power by 14.   you haven't collected this appearance
410013,Scarlet Overalls,False,54,59,Chest,INVTYPE_CHEST,Armor,Leather,3,0,0,0,0,0,0,0,0.0,True,False,True,"Western Plaguelands 49.0, 31.9 [STALE]",scarlet overalls worldforged binds when picked up chest leather 154 armor +18 strength +20 stamina requires level 54 item level 59   you haven't collected this appearance
410086,Fur-Lined Vest,False,53,58,Chest,INVTYPE_CHEST,Armor,Leather,3,0,0,0,0,0,0,0,0.0,True,False,True,"Winterspring 40.9, 36.0 [CONFIRMED]",fur-lined vest worldforged binds when picked up chest leather 151 armor +12 strength +14 stamina +19 frost resistance requires level 53 item level 58 equip: increases your dodge rating by 16.   you haven't collected this appearance
515392,Carapace Plated Chest,False,52,57,Chest,INVTYPE_CHEST,Armor,Plate,3,0,0,0,0,0,0,0,0.0,True,False,True,"Un'Goro Crater 54.8, 69.1 [CONFIRMED]",carapace plated chest worldforged binds when picked up chest plate 549 armor +9 strength +10 stamina requires level 52 item level 57 equip: increases your parry rating by 12. equip: increases attack power by 16.   you haven't collected this appearance
515275,Scorched Mail Tunic,False,47,52,Chest,INVTYPE_CHEST,Armor,Mail,3,0,0,0,0,0,0,0,0.0,True,False,True,"Searing Gorge 38.1, 54.8 [FADING]",scorched mail tunic worldforged binds when picked up chest mail 265 armor +15 strength +17 stamina requires level 47 item level 52   you haven't collected this appearance
410020,Ebonblight Slippers,False,51,56,Feet,INVTYPE_FEET,Armor,Cloth,2,14,15,0,0,0,0,0,26.0,True,False,True,"Western Plaguelands 45.9, 62.4 [CONFIRMED]",ebonblight slippers worldforged binds when picked up feet cloth 47 armor +15 intellect requires level 51 item level 56 equip: increases spell power by 14.   you haven't collected this appearance
515321,Xorothian Slippers,False,55,60,Feet,INVTYPE_FEET,Armor,Cloth,3,19,0,7,0,0,0,0,23.55,True,False,True,"Felwood 35.9, 44.2 [CONFIRMED]",xorothian slippers worldforged binds when picked up feet cloth 55 armor +7 stamina requires level 55 item level 60 equip: improves haste rating by 7. equip: increases spell power by 9. equip: increases your fire and shadow spell power by 10.   you haven't collected this appearance
354463,Ashen Boots,False,58,63,Feet,INVTYPE_FEET,Armor,Leather,3,12,13,0,0,0,11,0,22.4,True,False,True,"Deadwind Pass 48.7, 78.0 [FADING]",ashen boots worldforged binds when picked up feet leather 113 armor +9 stamina +13 intellect +11 spirit +6 fire resistance +6 shadow resistance requires level 58 item level 63 equip: increases spell power by 12.   you haven't collected this appearance
515255,Dark Iron Slippers,False,47,52,Feet,INVTYPE_FEET,Armor,Cloth,3,11,13,0,0,0,11,0,21.4,True,False,True,"Searing Gorge 21.0, 79.9 [FADING]",dark iron slippers worldforged binds when picked up feet cloth 16 armor +13 intellect +11 spirit requires level 47 item level 52 equip: increases spell power by 11.   you haven't collected this appearance
515723,Treads of the Verdant Threshold,False,47,52,Feet,INVTYPE_FEET,Armor,Leather,3,11,13,0,0,0,11,0,21.4,True,False,True,"Tanaris 26.0, 54.0 [CONFIRMED]",treads of the verdant threshold worldforged binds when picked up feet leather 48 armor +13 intellect +11 spirit requires level 47 item level 52 equip: increases spell power by 11.   you haven't collected this appearance
515385,Blaze Runners,False,56,61,Feet,INVTYPE_FEET,Armor,Cloth,4,8,9,6,0,0,0,0,19.1,True,False,True,"Un'Goro Crater 49.6, 45.1 [FADING]","blaze runners worldforged binds when picked up feet cloth 65 armor +6 stamina +9 intellect requires level 56 item level 61 equip: increases spell power by 8. equip: improves haste rating by 6. equip: ignite when taking fall damage, increasing your movement speed by 15% for 8 sec and dealing 161 to 176 fire damage every 2 sec to nearby enemies.   you haven't collected this appearance"
410104,Non-Slip Winter Boots,False,57,62,Feet,INVTYPE_FEET,Armor,Cloth,3,7,8,5,0,0,7,0,16.65,True,False,True,"Winterspring 57.9, 22.2 [FADING]",non-slip winter boots worldforged binds when picked up feet cloth 56 armor +8 intellect +7 spirit requires level 57 item level 62 equip: improves haste rating by 5. equip: increases spell power by 7. equip: reduces the duration of slow and root effects done to you by 3%.   you haven't collected this appearance
410198,Emberstep Sabatons,False,55,60,Feet,INVTYPE_FEET,Armor,Mail,3,0,12,0,10,0,0,0,14.1,True,False,True,"Burning Steppes 48.8, 34.9 [FADING]",emberstep sabatons worldforged binds when picked up feet mail 230 armor +8 agility +8 stamina +12 intellect requires level 55 item level 60 equip: improves hit rating by 10.   you haven't collected this appearance
515628,The Bear Feet,False,49,54,Feet,INVTYPE_FEET,Armor,Leather,3,0,0,0,14,0,0,0,6.3,True,False,True,"Azshara 35.6, 35.5 [CONFIRMED]","the bear feet worldforged binds when picked up feet leather 99 armor +11 strength requires level 49 item level 54 equip: improves hit rating by 14. ""no furbolg were harmed in the making of these boots.""   you haven't collected this appearance"
410227,Lavasilk Footpads,False,55,60,Feet,INVTYPE_FEET,Armor,Leather,3,0,0,0,12,0,0,0,5.4,True,False,True,"Burning Steppes 43.1, 67.9 [CONFIRMED]",lavasilk footpads worldforged binds when picked up feet leather 108 armor +11 agility +10 stamina requires level 55 item level 60 equip: improves hit rating by 12.   you haven't collected this appearance
410232,Sticky Sabatons,False,50,55,Feet,INVTYPE_FEET,Armor,Mail,3,0,0,0,0,7,0,0,2.8,True,False,True,"Western Plaguelands 38.2, 55.0 [CONFIRMED]",sticky sabatons worldforged binds when picked up feet mail 213 armor +6 strength +7 agility +7 stamina requires level 50 item level 55 equip: improves critical strike rating by 7.   you haven't collected this appearance
410076,Purple Steppers,False,58,63,Feet,INVTYPE_FEET,Armor,Plate,3,0,0,0,0,0,0,0,0.0,True,False,True,"Silithus 28.9, 31.1 [FADING]",purple steppers worldforged binds when picked up feet plate 415 armor +8 strength +9 stamina requires level 58 item level 63 equip: increases defense rating by 9. equip: increases your parry rating by 10.   you haven't collected this appearance
410134,Resilient Stompers,False,54,59,Feet,INVTYPE_FEET,Armor,Mail,3,0,0,0,0,0,0,0,0.0,True,False,True,"Eastern Plaguelands 46.0, 52.0 [CONFIRMED]",resilient stompers worldforged binds when picked up feet mail 226 armor +10 agility +10 stamina requires level 54 item level 59 equip: increases attack power by 15.   you haven't collected this appearance
515296,Demon Kickers,False,51,56,Feet,INVTYPE_FEET,Armor,Mail,3,0,0,0,0,0,0,0,0.0,True,False,True,"Blasted Lands 44.3, 55.1 [CONFIRMED]","demon kickers worldforged binds when picked up feet mail 216 armor +9 agility requires level 51 item level 56 equip: increases your dodge rating by 10. equip: increases your parry rating by 11. ""these boots have seen everything.""   you haven't collected this appearance"
354279,"Kim'Jael's ""Trustworthy"" Boots",False,51,56,Feet,INVTYPE_FEET,Armor,Mail,3,0,0,0,0,0,0,0,0.0,True,False,True,"Azshara 53.6, 21.9 [CONFIRMED]","kim'jael's ""trustworthy"" boots worldforged binds when picked up feet mail 216 armor +6 agility +6 stamina requires level 51 item level 56 equip: increases your expertise rating by 7. equip: unstable energy runs within these boots, if only there was a way to unleash it. ""crafted with the finest gnomish ingenuity! the creator of this device assumes no responsibility for any other unintended side effects.""   you haven't collected this appearance"
515402,Marsh Treaders,False,50,55,Feet,INVTYPE_FEET,Armor,Plate,2,0,0,0,0,0,0,0,0.0,True,False,True,"Un'Goro Crater 63.1, 68.8 [FADING]",marsh treaders worldforged binds when picked up feet plate 335 armor +7 stamina requires level 50 item level 55 equip: increases your dodge rating by 8. equip: increases defense rating by 8.   you haven't collected this appearance
500820,Ring of Embered Thought,False,55,60,Finger,INVTYPE_FINGER,Armor,Miscellaneous,4,10,11,7,0,0,0,0,23.35,False,False,True,,ring of embered thought binds when picked up finger +5 stamina +8 intellect requires level 55 item level 49 equip: improves haste rating by 5. equip: increases spell power by 7. equip: improves your resilience rating by 12.
515621,Imitation of Zin-Eldari,False,50,55,Finger,INVTYPE_FINGER,Armor,Miscellaneous,3,7,8,0,6,0,0,0,16.1,True,False,True,"Azshara 36.7, 75.7 [CONFIRMED]","imitation of zin-eldari worldforged binds when picked up unique-equipped: imitation of zin-eldari (1) finger +5 stamina +8 intellect requires level 50 item level 55 equip: improves hit rating by 6. equip: increases spell power by 7. ""an imitation of a much more powerful ring long since lost to time."""
515771,Cyclok's Sanity,False,50,55,Finger,INVTYPE_FINGER,Armor,Miscellaneous,3,7,5,7,0,0,5,0,15.55,True,False,True,"Tanaris 41.0, 54.0 [CONFIRMED]",cyclok's sanity worldforged binds when picked up unique-equipped: cyclok's sanity (1) finger +5 intellect +5 spirit requires level 50 item level 55 equip: improves haste rating by 7. equip: increases spell power by 7. equip: you have a chance when taking damage to reduce your threat generated by 20% for 6 seconds.
354447,Faded Promise Ring,False,55,60,Finger,INVTYPE_FINGER,Armor,Miscellaneous,3,10,0,7,0,0,10,0,14.55,True,False,True,"Deadwind Pass 53.4, 73.0 [FADING]","faded promise ring worldforged binds when picked up unique-equipped: faded promise ring (1) finger +10 spirit requires level 55 item level 60 equip: improves haste rating by 7. equip: increases spell power by 10. ""the name engraved upon this ring has long since faded."""
410148,Ring of Memorial,False,53,58,Finger,INVTYPE_FINGER,Armor,Miscellaneous,3,10,0,7,0,0,10,0,14.55,True,False,True,"Eastern Plaguelands 35.1, 86.5 [FADING]",ring of memorial worldforged binds when picked up unique-equipped: ring of memorial (1) finger +10 spirit requires level 53 item level 58 equip: increases spell power by 10. equip: improves haste rating by 7.
410022,Scarlet Band,False,55,60,Finger,INVTYPE_FINGER,Armor,Miscellaneous,3,10,0,0,0,8,0,0,13.2,True,False,True,"Western Plaguelands 42.0, 15.0 [FADING]",scarlet band worldforged binds when picked up unique-equipped: scarlet band (1) finger +8 stamina requires level 55 item level 60 equip: improves critical strike rating by 8. equip: increases spell power by 10.
515268,Dark Iron Loop,False,47,52,Finger,INVTYPE_FINGER,Armor,Miscellaneous,3,7,7,0,0,0,0,0,12.6,True,False,True,"Searing Gorge 40.1, 28.3 [CONFIRMED]",dark iron loop worldforged binds when picked up unique-equipped: dark iron loop (1) finger +5 stamina +7 intellect requires level 47 item level 52 equip: increases spell power by 7. equip: increases spell penetration by 6.
515738,Inventor's Sand Band,False,48,53,Finger,INVTYPE_FINGER,Armor,Miscellaneous,3,9,0,0,7,0,0,0,12.15,True,False,True,"Tanaris 70.0, 51.9 [FADING]",inventor's sand band worldforged binds when picked up unique-equipped: inventor's sand band (1) finger +7 agility requires level 48 item level 53 equip: increases spell power by 9. equip: improves hit rating by 7.
354454,Reverence of the Ancient Ones,False,55,60,Finger,INVTYPE_FINGER,Armor,Miscellaneous,3,0,11,0,0,8,0,0,12.0,True,False,True,"Redridge Mountains 41.3, 47.4 [CONFIRMED]; Deadwind Pass 36.9, 66.8 [CONFIRMED]","reverence of the ancient ones worldforged binds when picked up unique-equipped: reverence of the ancient ones (1) finger +8 stamina +11 intellect requires level 55 item level 60 equip: improves critical strike rating by 8. ""'rae' is engraved upon this ring in an ancient script."""
410213,Charred Signet,False,56,61,Finger,INVTYPE_FINGER,Armor,Miscellaneous,3,10,0,0,0,0,11,0,10.0,True,False,True,"Burning Steppes 30.0, 39.0 [FADING]",charred signet worldforged binds when picked up unique-equipped: charred signet (1) finger +8 stamina +11 spirit requires level 56 item level 61 equip: increases spell power by 10.
500822,Ashen Dreambinder,False,55,60,Finger,INVTYPE_FINGER,Armor,Miscellaneous,4,10,0,0,0,0,10,10,10.0,False,False,True,,ashen dreambinder binds when picked up finger +5 stamina +7 spirit requires level 55 item level 49 equip: increases spell power by 7. equip: restores 7 mana per 5 sec equip: improves your resilience rating by 12.
515338,Ring of Purity,False,51,56,Finger,INVTYPE_FINGER,Armor,Miscellaneous,3,9,0,0,0,0,9,0,9.0,True,False,True,"Felwood 55.0, 26.0 [CONFIRMED]",ring of purity worldforged binds when picked up unique-equipped: ring of purity (1) finger +7 stamina +9 spirit +6 shadow resistance requires level 51 item level 56 equip: increases spell power by 9.
410083,Winter Band,False,58,63,Finger,INVTYPE_FINGER,Armor,Miscellaneous,3,0,0,0,10,8,0,0,7.7,True,False,True,"Winterspring 59.0, 10.8 [CONFIRMED]",winter band worldforged binds when picked up unique-equipped: winter band (1) finger +8 stamina requires level 58 item level 63 equip: improves hit rating by 10. equip: improves critical strike rating by 8.
410114,Maddening Signet,False,53,58,Finger,INVTYPE_FINGER,Armor,Miscellaneous,3,0,0,0,9,8,0,0,7.25,True,False,True,"Winterspring 62.6, 42.1 [FADING]; Western Plaguelands 58.0, 37.0 [CONFIRMED]",maddening signet worldforged binds when picked up unique-equipped: maddening signet (1) finger +8 stamina requires level 53 item level 58 equip: improves hit rating by 9. equip: improves critical strike rating by 8.
410056,Geo Band,False,59,64,Finger,INVTYPE_FINGER,Armor,Miscellaneous,3,0,0,0,14,0,0,0,6.3,True,False,True,"Silithus 40.8, 44.5 [FADING]",geo band worldforged binds when picked up unique-equipped: geo band (1) finger +12 stamina +7 fire resistance +7 nature resistance +7 frost resistance requires level 59 item level 64 equip: improves hit rating by 14.
500821,Charstone Warband,False,55,60,Finger,INVTYPE_FINGER,Armor,Miscellaneous,4,0,0,7,0,0,0,0,4.55,False,False,True,,charstone warband binds when picked up finger +4 strength +5 stamina requires level 55 item level 49 equip: increases attack power by 8. equip: improves haste rating by 5. equip: improves your resilience rating by 12.
410194,Ashenpeak Band,False,55,60,Finger,INVTYPE_FINGER,Armor,Miscellaneous,3,0,0,0,9,0,0,0,4.05,True,False,True,"Burning Steppes 47.0, 54.0 [CONFIRMED]",ashenpeak band worldforged binds when picked up unique-equipped: ashenpeak band (1) finger +8 agility +8 stamina requires level 55 item level 60 equip: improves hit rating by 9.
410173,Eboncrypt Band,False,54,59,Finger,INVTYPE_FINGER,Armor,Miscellaneous,3,0,0,0,9,0,0,0,4.05,True,False,True,"Eastern Plaguelands 26.9, 16.5 [FADING]",eboncrypt band worldforged binds when picked up unique-equipped: eboncrypt band (1) finger +7 strength +8 stamina requires level 54 item level 59 equip: improves hit rating by 9.
515383,One Ring to Flame Them All,False,55,60,Finger,INVTYPE_FINGER,Armor,Miscellaneous,4,0,5,0,0,0,5,0,4.0,True,False,True,"Un'Goro Crater 48.8, 47.3 [CONFIRMED]","one ring to flame them all worldforged binds when picked up unique-equipped: one ring to flame them all (1) finger +3 strength +4 agility +4 stamina +5 intellect +5 spirit +12 fire resistance requires level 55 item level 60 use: coat your body in magical flames that turn you ""invisible"" and deals 43 fire damage to all nearby enemies and yourself every 1 sec. lasts 10 sec.  unfortunately, being wreathed in bright flames makes you distinctly visible. (1 min 30 sec cooldown)"
515630,Burning Band,False,50,55,Finger,INVTYPE_FINGER,Armor,Miscellaneous,3,0,0,0,8,0,0,0,3.6,True,False,True,"Azshara 49.5, 41.7 [FADING]",burning band worldforged binds when picked up unique-equipped: burning band (1) finger +7 agility +7 stamina +6 frost resistance requires level 50 item level 55 equip: improves hit rating by 8.
515710,Ring of the Sunken Courier,False,47,52,Finger,INVTYPE_FINGER,Armor,Miscellaneous,3,0,0,0,7,0,0,0,3.15,True,False,True,"The Hinterlands 57.6, 61.4 [CONFIRMED]",ring of the sunken courier worldforged binds when picked up unique-equipped: ring of the sunken courier (1) finger +6 stamina requires level 47 item level 52 equip: increases attack power by 9. equip: improves hit rating by 7.
515720,Trapper's Lone Band,False,47,52,Finger,INVTYPE_FINGER,Armor,Miscellaneous,3,0,0,0,7,0,0,0,3.15,True,False,True,"The Hinterlands 66.1, 53.2 [FADING]","trapper's lone band worldforged binds when picked up unique-equipped: trapper’s lone band (1) finger +6 agility +6 stamina requires level 47 item level 52 equip: improves hit rating by 7. ""scratched by teeth and claws, this humble ring tells the final tale of a hunter who never returned from the wild."""
500823,Verdant Ember Loop,False,55,60,Finger,INVTYPE_FINGER,Armor,Miscellaneous,4,0,0,0,0,7,0,0,2.8,False,False,True,,verdant ember loop binds when picked up finger +5 agility +5 stamina requires level 55 item level 49 equip: increases attack power by 8. equip: improves critical strike rating by 5.
515755,Explorer's Last Wish,False,50,55,Finger,INVTYPE_FINGER,Armor,Miscellaneous,4,0,0,0,0,5,0,0,2.0,True,False,True,"Tanaris 25.7, 83.0 [CONFIRMED]",explorer's last wish worldforged binds when picked up unique-equipped: explorer's last wish (1) finger +5 strength +5 stamina requires level 50 item level 55 equip: improves critical strike rating by 5. equip: whenever you take damage you have a chance to increase your health by 60. stacks 3 times. lasts 21 sec.
515415,Prancefin Ring,False,55,60,Finger,INVTYPE_FINGER,Armor,Miscellaneous,4,0,0,0,0,0,0,0,0.0,True,False,True,"Un'Goro Crater 51.3, 82.7 [FADING]",prancefin ring worldforged binds when picked up unique-equipped: prancefin ring (1) finger +8 strength +9 agility +9 stamina requires level 55 item level 60
515608,Ravencrest Signet,False,54,59,Finger,INVTYPE_FINGER,Armor,Miscellaneous,3,0,0,0,0,0,0,0,0.0,True,False,True,"Azshara 72.0, 85.0 [CONFIRMED]","ravencrest signet worldforged binds when picked up unique-equipped: ravencrest signet (1) finger +8 stamina requires level 54 item level 59 equip: increases defense rating by 8. equip: increases your dodge rating by 9. ""with some effort, you were finally able to remove this signet from the ancient statue."""
278849,Wraithbone Ring,False,52,57,Finger,INVTYPE_FINGER,Armor,Miscellaneous,3,0,0,0,0,0,0,0,0.0,True,False,True,"Western Plaguelands 54.3, 80.5 [FADING]",wraithbone ring worldforged binds when picked up unique-equipped: wraithbone ring (1) finger +6 strength +7 stamina requires level 52 item level 57 equip: increases your parry rating by 8.
515713,Fort Defender Band,False,47,52,Finger,INVTYPE_FINGER,Armor,Miscellaneous,3,0,0,0,0,0,0,0,0.0,True,False,True,"The Hinterlands 66.4, 44.3 [CONFIRMED]",fort defender band worldforged binds when picked up unique-equipped: fort defender band (1) finger +6 strength +6 stamina requires level 47 item level 52 equip: increases your parry rating by 8.
515262,Slave Band,False,47,52,Finger,INVTYPE_FINGER,Armor,Miscellaneous,2,0,0,0,0,0,0,0,0.0,True,False,True,"Searing Gorge 35.5, 64.9 [CONFIRMED]",slave band worldforged binds when picked up unique-equipped: slave band (1) finger +6 strength +7 stamina requires level 47 item level 52
410034,Decayed Grippers,False,55,60,Hands,INVTYPE_HAND,Armor,Cloth,3,11,12,0,10,0,0,0,25.1,True,False,True,"Western Plaguelands 61.7, 35.0 [CONFIRMED]",decayed grippers worldforged binds when picked up hands cloth 49 armor +8 stamina +12 intellect requires level 55 item level 60 equip: improves hit rating by 10. equip: increases spell power by 11.   you haven't collected this appearance
410183,Dark Iron Handwraps,False,57,62,Hands,INVTYPE_HAND,Armor,Leather,3,11,12,0,0,9,0,0,24.2,True,False,True,"Burning Steppes 31.0, 62.0 [CONFIRMED]",dark iron handwraps worldforged binds when picked up hands leather 102 armor +9 stamina +12 intellect requires level 57 item level 62 equip: improves critical strike rating by 9. equip: increases spell power by 11.   you haven't collected this appearance
515267,Break-time Gloves,False,46,51,Hands,INVTYPE_HAND,Armor,Leather,3,11,12,0,0,0,0,0,20.6,True,False,True,"Searing Gorge 46.1, 49.5 [FADING]",break-time gloves worldforged binds when picked up hands leather 43 armor +8 stamina +12 intellect requires level 46 item level 51 equip: increases spell power by 11.   you haven't collected this appearance
515602,Gauntlets of the Overlook,False,52,57,Hands,INVTYPE_HAND,Armor,Plate,3,0,14,8,0,0,0,13,16.4,True,False,True,"Azshara 77.0, 34.0 [CONFIRMED]",gauntlets of the overlook worldforged binds when picked up hands plate 347 armor +14 intellect requires level 52 item level 57 equip: restores 13 mana per 5 sec. equip: improves haste rating by 8.   you haven't collected this appearance
410142,Ghoulbane Gauntlets,False,56,61,Hands,INVTYPE_HAND,Armor,Mail,3,0,12,0,10,0,0,0,14.1,True,False,True,"Eastern Plaguelands 56.0, 43.0 [FADING]",ghoulbane gauntlets worldforged binds when picked up hands mail 213 armor +8 agility +8 stamina +12 intellect requires level 56 item level 61 equip: improves hit rating by 10.   you haven't collected this appearance
515409,Hexweave Gloves,False,51,56,Hands,INVTYPE_HAND,Armor,Cloth,2,0,11,7,0,0,10,0,13.35,True,False,True,"Un'Goro Crater 55.0, 77.0 [CONFIRMED]",hexweave gloves worldforged binds when picked up hands cloth 42 armor +11 intellect +10 spirit requires level 51 item level 56 equip: improves haste rating by 7.   you haven't collected this appearance
515292,Collector's Junk,False,50,55,Hands,INVTYPE_HAND,Armor,Cloth,3,0,12,0,7,0,11,0,12.75,True,False,True,"Blasted Lands 52.0, 35.9 [FADING]","collector's junk worldforged binds when picked up hands cloth 46 armor +8 strength +6 agility +9 stamina +12 intellect +11 spirit requires level 50 item level 55 equip: improves hit rating by 7. ""one man's trash...""   you haven't collected this appearance"
410096,Lonely Gauntlets,False,57,62,Hands,INVTYPE_HAND,Armor,Mail,3,0,15,0,0,0,0,0,12.0,True,False,True,"Winterspring 49.3, 30.3 [CONFIRMED]",lonely gauntlets worldforged binds when picked up hands mail 215 armor +11 agility +11 stamina +15 intellect requires level 57 item level 62   you haven't collected this appearance
515612,Cilkeck's Gloves,False,53,58,Hands,INVTYPE_HAND,Armor,Cloth,3,0,10,6,0,0,0,0,11.9,True,False,True,"Azshara 45.1, 91.0 [FADING]","cilkeck's gloves worldforged binds when picked up hands cloth 48 armor +10 intellect requires level 53 item level 58 equip: improves haste rating by 6. equip: increases spell penetration by 9. equip: alchemy skill increased by 5. equip: cooking skill increased by 5. ""carefully insulated to protect against burns from chemicals or the stove.""   you haven't collected this appearance"
515379,Egg Thief's Handwraps,False,51,56,Hands,INVTYPE_HAND,Armor,Cloth,3,0,13,0,0,0,0,0,10.4,True,False,True,"Un'Goro Crater 61.0, 56.0 [CONFIRMED]",egg thief's handwraps worldforged binds when picked up hands cloth 47 armor +9 agility +13 intellect requires level 51 item level 56 equip: increases attack power by 14.   you haven't collected this appearance
354241,Atal'ai Alchemy Gloves,False,46,51,Hands,INVTYPE_HAND,Armor,Leather,3,0,8,0,6,0,0,0,9.1,False,False,True,,atal'ai alchemy gloves worldforged binds when picked up hands leather 43 armor +6 stamina +8 intellect requires level 46 item level 51 equip: improves hit rating by 6. equip: alchemy skill increased by 5.   you haven't collected this appearance
515773,Treasure Seeker's Gloves,False,46,51,Hands,INVTYPE_HAND,Armor,Cloth,2,0,10,0,0,0,0,0,8.0,True,False,True,"Tanaris 47.2, 65.1 [STALE]",treasure seeker's gloves worldforged binds when picked up hands cloth 13 armor +7 stamina +10 intellect requires level 46 item level 51 equip: increases spell penetration by 8.   you haven't collected this appearance
410171,Bleakfang Handwraps,False,57,62,Hands,INVTYPE_HAND,Armor,Leather,3,0,0,0,0,11,0,0,4.4,True,False,True,"Eastern Plaguelands 72.1, 45.1 [FADING]",bleakfang handwraps worldforged binds when picked up hands leather 102 armor +11 agility +11 stamina requires level 57 item level 62 equip: improves critical strike rating by 11.   you haven't collected this appearance
515192,Tanner Gloves,False,47,52,Hands,INVTYPE_HAND,Armor,Leather,3,0,0,0,0,6,0,0,2.4,True,False,True,"Feralas 51.1, 34.0 [CONFIRMED]",tanner gloves worldforged binds when picked up hands leather 44 armor +6 agility requires level 47 item level 52 equip: improves critical strike rating by 6. equip: increases your expertise rating by 7. equip: skinning +5.   you haven't collected this appearance
410062,Hardened Scarab Gauntlets,False,58,63,Hands,INVTYPE_HAND,Armor,Leather,3,0,0,0,0,0,0,0,0.0,True,False,True,"Silithus 18.8, 67.8 [CONFIRMED]",hardened scarab gauntlets worldforged binds when picked up hands leather 103 armor +11 agility +11 stamina requires level 58 item level 63 equip: increases attack power by 17.   you haven't collected this appearance
410069,Carapace Clasps,False,57,62,Hands,INVTYPE_HAND,Armor,Plate,3,0,0,0,0,0,0,0,0.0,True,False,True,"Silithus 35.9, 71.0 [CONFIRMED]",carapace clasps worldforged binds when picked up hands plate 373 armor +9 strength +11 stamina requires level 57 item level 62 equip: increases your armor penetration rating by 11.   you haven't collected this appearance
410115,Eversleet Handguards,False,57,62,Hands,INVTYPE_HAND,Armor,Plate,3,0,0,0,0,0,0,0,0.0,True,False,True,"Winterspring 59.0, 60.0 [CONFIRMED]",eversleet handguards worldforged binds when picked up hands plate 373 armor +10 strength +11 stamina requires level 57 item level 62 equip: increases your parry rating by 13.   you haven't collected this appearance
278852,Infantry Gauntlets,False,57,62,Hands,INVTYPE_HAND,Armor,Mail,3,0,0,0,0,0,0,0,0.0,True,False,True,"Western Plaguelands 68.1, 78.1 [FADING]",infantry gauntlets worldforged binds when picked up hands mail 215 armor +9 strength +11 stamina requires level 57 item level 62 equip: increases your expertise rating by 13.   you haven't collected this appearance
354450,Bloodied Gauntlets,False,56,61,Hands,INVTYPE_HAND,Armor,Plate,3,0,0,0,0,0,0,0,0.0,True,False,True,"Deadwind Pass 64.8, 74.1 [FADING]","bloodied gauntlets worldforged binds when picked up hands plate 368 armor +9 strength +10 stamina requires level 56 item level 61 equip: increases your armor penetration rating by 10. ""these gloves seem to be much more intact than the rest of their former owner.""   you haven't collected this appearance"
410217,Smokeshell Gauntlets,False,55,60,Hands,INVTYPE_HAND,Armor,Plate,3,0,0,0,0,0,0,0,0.0,True,False,True,"Burning Steppes 47.0, 72.0 [CONFIRMED]",smokeshell gauntlets worldforged binds when picked up hands plate 362 armor +9 strength +10 stamina +9 fire resistance requires level 55 item level 60 equip: increases your dodge rating by 12.   you haven't collected this appearance
515316,Lost Shipment Wristguards,False,48,53,Hands,INVTYPE_HAND,Armor,Leather,3,0,0,0,0,0,0,0,0.0,True,False,True,"Felwood 44.8, 72.8 [FADING]",lost shipment wristguards worldforged binds when picked up hands leather 44 armor +9 agility +9 stamina requires level 48 item level 53 equip: increases defense rating by 9.   you haven't collected this appearance
410193,Madness Crown,False,55,60,Head,INVTYPE_HEAD,Armor,Cloth,3,17,20,0,0,0,0,0,33.0,True,False,True,"Burning Steppes 51.0, 61.0 [CONFIRMED]",madness crown worldforged binds when picked up head cloth 63 armor +13 stamina +20 intellect requires level 55 item level 60 equip: increases spell power by 17.   you haven't collected this appearance
410169,Havenfire Crown,False,56,61,Head,INVTYPE_HEAD,Armor,Cloth,3,14,15,0,12,0,0,0,31.4,True,False,True,"Eastern Plaguelands 22.0, 13.0 [CONFIRMED]",havenfire crown worldforged binds when picked up head cloth 64 armor +11 stamina +15 intellect requires level 56 item level 61 equip: improves hit rating by 12. equip: increases spell power by 14.   you haven't collected this appearance
410081,Researcher's Dish,False,53,58,Head,INVTYPE_HEAD,Armor,Cloth,3,14,15,0,12,0,0,0,31.4,True,False,True,"Winterspring 29.9, 47.0 [CONFIRMED]",researcher's dish worldforged binds when picked up head cloth 62 armor +10 stamina +15 intellect requires level 53 item level 58 equip: increases spell power by 14. equip: improves hit rating by 12.   you haven't collected this appearance
354457,Ariden's Circlet,False,55,60,Head,INVTYPE_HEAD,Armor,Cloth,3,14,15,0,0,11,0,0,30.4,True,False,True,"Deadwind Pass 52.0, 34.0 [STALE]","ariden's circlet worldforged binds when picked up head cloth 63 armor +10 stamina +15 intellect requires level 55 item level 60 equip: improves critical strike rating by 11. equip: increases spell power by 14. ""it seems the camp's owner was forced to leave this circlet behind. death would likely be the most fortunate reason...""   you haven't collected this appearance"
515362,Jane's Lucky Hat,False,52,57,Head,INVTYPE_HEAD,Armor,Leather,3,16,17,0,0,0,0,0,29.6,True,False,True,"Un'Goro Crater 69.1, 15.9 [CONFIRMED]",jane's lucky hat worldforged binds when picked up head leather 121 armor +12 stamina +17 intellect requires level 52 item level 57 equip: increases spell power by 16.   you haven't collected this appearance
278846,Plague Mask,False,52,57,Head,INVTYPE_HEAD,Armor,Cloth,3,16,0,0,0,12,15,0,20.8,True,False,True,"Eastern Plaguelands 48.7, 37.0 [CONFIRMED]",plague mask worldforged binds when picked up head cloth 61 armor +15 spirit +17 nature resistance +17 shadow resistance requires level 52 item level 57 equip: increases spell power by 16. equip: improves critical strike rating by 12.   you haven't collected this appearance
410036,Apothecary Cowl,False,58,63,Head,INVTYPE_HEAD,Armor,Cloth,3,0,16,0,13,0,0,16,18.65,True,False,True,"Western Plaguelands 80.3, 74.2 [CONFIRMED]",apothecary cowl worldforged binds when picked up head cloth 66 armor +11 stamina +16 intellect requires level 58 item level 63 equip: improves hit rating by 13. equip: restores 16 mana per 5 sec.   you haven't collected this appearance
515384,Ember Crown,False,56,61,Head,INVTYPE_HEAD,Armor,Cloth,3,0,15,0,0,11,0,0,16.4,True,False,True,"Un'Goro Crater 50.0, 50.2 [FADING]",ember crown worldforged binds when picked up head cloth 64 armor +11 stamina +15 intellect requires level 56 item level 61 equip: increases spell penetration by 14. equip: improves critical strike rating by 11.   you haven't collected this appearance
354240,Kazkaz's Ceremonial Mask,False,48,53,Head,INVTYPE_HEAD,Armor,Cloth,3,0,15,0,0,10,0,0,16.0,False,False,True,,kazkaz's ceremonial mask worldforged binds when picked up head cloth 18 armor +15 intellect requires level 48 item level 53 equip: improves critical strike rating by 10. equip: shadow spell damage increased by 5.   you haven't collected this appearance
515618,Thalassian Circlet,False,51,56,Head,INVTYPE_HEAD,Armor,Cloth,3,15,0,0,0,0,16,0,15.0,True,False,True,"Azshara 61.6, 33.7 [CONFIRMED]",thalassian circlet worldforged binds when picked up head cloth 60 armor +11 stamina +16 spirit requires level 51 item level 56 equip: increases spell power by 15.   you haven't collected this appearance
515764,Tender's Hat,False,49,54,Head,INVTYPE_HEAD,Armor,Leather,3,15,0,0,0,0,15,0,15.0,True,False,True,"Tanaris 29.2, 65.0 [FADING]",tender's hat worldforged binds when picked up head leather 114 armor +11 stamina +15 spirit requires level 49 item level 54 equip: increases spell power by 15.   you haven't collected this appearance
410048,Ancient Sentinel Headdress,False,56,61,Head,INVTYPE_HEAD,Armor,Mail,3,0,15,0,0,0,0,0,12.0,True,False,True,"Silithus 63.1, 55.8 [CONFIRMED]",ancient sentinel headdress worldforged binds when picked up head mail 272 armor +11 agility +11 stamina +15 intellect requires level 56 item level 61 equip: increases attack power by 16.   you haven't collected this appearance
515281,Nethergarde Mining Cap,False,47,52,Head,INVTYPE_HEAD,Armor,Cloth,3,0,10,0,0,0,0,0,8.0,True,False,True,"Blasted Lands 63.0, 4.0 [CONFIRMED]",nethergarde mining cap worldforged binds when picked up head cloth 18 armor +6 strength +8 stamina +10 intellect requires level 47 item level 52 use: light the way! (45 sec cooldown)   you haven't collected this appearance
410152,Watchman Helm,False,53,58,Head,INVTYPE_HEAD,Armor,Plate,3,0,0,0,15,0,0,0,6.75,True,False,True,"Eastern Plaguelands 72.2, 70.1 [FADING]",watchman helm worldforged binds when picked up head plate 450 armor +12 strength +13 stamina requires level 53 item level 58 equip: improves hit rating by 15.   you haven't collected this appearance
410103,Horror Horns,False,54,59,Head,INVTYPE_HEAD,Armor,Leather,3,0,0,0,0,13,0,0,5.2,True,False,True,"Winterspring 61.0, 30.0 [CONFIRMED]",horror horns worldforged binds when picked up head leather 124 armor +13 agility +13 stamina requires level 54 item level 59 equip: improves critical strike rating by 13.   you haven't collected this appearance
515610,Vanessa's Eyepatch,False,50,55,Head,INVTYPE_HEAD,Armor,Leather,3,0,0,0,0,12,0,0,4.8,True,False,True,"Azshara 53.9, 88.1 [FADING]","vanessa's eyepatch worldforged binds when picked up head leather 116 armor +12 agility requires level 50 item level 55 equip: increases your armor penetration rating by 11. equip: improves critical strike rating by 12. ""with her ship crashed, it doesn't seem like she needs to keep one eye adapted to the dark right now.""   you haven't collected this appearance"
515715,Shadowpounce Cowl,False,47,52,Head,INVTYPE_HEAD,Armor,Leather,3,0,0,0,0,11,0,0,4.4,True,False,True,"The Hinterlands 71.3, 57.8 [CONFIRMED]",shadowpounce cowl worldforged binds when picked up head leather 56 armor +11 agility +11 stamina requires level 47 item level 52 equip: improves critical strike rating by 11.   you haven't collected this appearance
410207,Blisterhide Headguard,False,54,59,Head,INVTYPE_HEAD,Armor,Leather,3,0,0,0,0,0,0,0,0.0,True,False,True,"Burning Steppes 92.7, 46.2 [CONFIRMED]",blisterhide headguard worldforged binds when picked up head leather 124 armor +13 agility +13 stamina requires level 54 item level 59 equip: increases attack power by 19.   you haven't collected this appearance
515329,Ironwood Cap,False,53,58,Head,INVTYPE_HEAD,Armor,Leather,3,0,0,0,0,0,0,0,0.0,True,False,True,"Felwood 48.9, 25.1 [STALE]",ironwood cap worldforged binds when picked up head leather 122 armor +13 agility +13 stamina requires level 53 item level 58 equip: increases your dodge rating by 15.   you haven't collected this appearance
515374,Retired Hero's Helm,False,52,57,Head,INVTYPE_HEAD,Armor,Plate,3,0,0,0,0,0,0,0,0.0,True,False,True,"Un'Goro Crater 50.0, 87.0 [CONFIRMED]",retired hero's helm worldforged binds when picked up head plate 443 armor +10 strength +12 stamina requires level 52 item level 57 equip: increases your expertise rating by 13.   you haven't collected this appearance
410231,Flayer's Helmet,False,50,55,Head,INVTYPE_HEAD,Armor,Plate,3,0,0,0,0,0,0,0,0.0,True,False,True,"Western Plaguelands 36.0, 56.2 [CONFIRMED]",flayer's helmet worldforged binds when picked up head plate 428 armor +14 strength +16 stamina requires level 50 item level 55   you haven't collected this appearance
515194,Crown of Stone,False,48,53,Head,INVTYPE_HEAD,Armor,Mail,3,0,0,0,0,0,13,0,0.0,True,False,True,"Feralas 40.1, 23.1 [CONFIRMED]","crown of stone worldforged binds when picked up head mail 216 armor +10 stamina +13 spirit requires level 48 item level 53 equip: your direct damage spells have a chance to encase creature's feet in stone, reducing their movement speed by 15% for 4 sec.   you haven't collected this appearance"
515278,Dark Iron Hood,False,46,51,Head,INVTYPE_HEAD,Armor,Leather,3,0,0,0,0,0,0,0,0.0,True,False,True,"Searing Gorge 43.1, 51.3 [CONFIRMED]",dark iron hood worldforged binds when picked up head leather 55 armor +10 agility +10 stamina requires level 46 item level 51 equip: increases your dodge rating by 12.   you haven't collected this appearance
410144,Plague Purger,False,58,63,Held in off-hand,INVTYPE_HOLDABLE,Armor,Miscellaneous,3,12,13,0,0,9,0,0,26.0,True,False,True,"Eastern Plaguelands 65.0, 14.0 [FADING]",plague purger worldforged binds when picked up held in off-hand +13 intellect requires level 58 item level 63 equip: increases spell power by 12. equip: improves critical strike rating by 9. equip: dealing spell damage to undead has a chance to set them on fire for 4 sec.   you haven't collected this appearance
278844,Andorhal Manual,False,55,60,Held in off-hand,INVTYPE_HOLDABLE,Armor,Miscellaneous,3,9,10,0,8,7,0,0,23.4,True,False,True,"Western Plaguelands 43.5, 69.3 [FADING]",andorhal manual worldforged binds when picked up held in off-hand +10 intellect requires level 55 item level 60 equip: improves hit rating by 8. equip: improves critical strike rating by 7. equip: increases spell power by 9.   you haven't collected this appearance
1393584,Lens of Questionable Visions,False,60,73,Held in off-hand,INVTYPE_HOLDABLE,Armor,Miscellaneous,4,3,16,0,0,12,0,0,20.6,True,False,True,"Stranglethorn Vale 28.1, 75.2 [CONFIRMED]","lens of questionable visions worldforged binds when picked up held in off-hand +10 stamina +16 intellect requires level 60 item level 73 equip: improves critical strike rating by 12. equip: increases spell power by 3. use: peer through the eyeglass, increasing your critical strike chance rating by 70 for 12 sec. (1 min 30 sec cooldown) ""watch out, the lens is broken, don't get glass in your eyes!  disclaimer: this item features a compromised lens assembly. handle with extreme caution to avoid ocular injury from glass fragments. manufacturer assumes no liability for damages or adverse status effects resulting from the use of this damaged equipment. use at your own risk."""
354275,On the Importance of Arcane Foci,False,46,51,Held in off-hand,INVTYPE_HOLDABLE,Armor,Miscellaneous,3,15,5,0,0,0,0,0,19.0,True,False,True,"Azshara 29.1, 40.0 [FADING]","on the importance of arcane foci worldforged binds when picked up held in off-hand +3 stamina +5 intellect requires level 46 item level 51 equip: increases spell penetration by 4. equip: increases spell power by 5. equip: increases arcane spell damage by 10. ""a tome penned by xylem's own hand.""   you haven't collected this appearance"
515333,Crystal of Cruel Corruption,False,52,57,Held in off-hand,INVTYPE_HOLDABLE,Armor,Miscellaneous,3,0,11,0,9,8,0,0,16.05,True,False,True,"Felwood 56.0, 6.0 [CONFIRMED]",crystal of cruel corruption worldforged binds when picked up held in off-hand +11 intellect requires level 52 item level 57 equip: improves critical strike rating by 8. equip: improves hit rating by 9.   you haven't collected this appearance
410024,Brightflame Codex,False,55,60,Held in off-hand,INVTYPE_HOLDABLE,Armor,Miscellaneous,3,16,0,0,0,0,16,0,16.0,True,False,True,"Western Plaguelands 48.0, 30.0 [CONFIRMED]",brightflame codex worldforged binds when picked up held in off-hand +16 spirit requires level 55 item level 60 equip: increases spell power by 16.   you haven't collected this appearance
410041,The Eternal's Journal,False,60,65,Held in off-hand,INVTYPE_HOLDABLE,Armor,Miscellaneous,3,8,9,0,0,0,9,0,15.2,True,False,True,"Silithus 70.2, 25.4 [CONFIRMED]","the eternal's journal worldforged binds when picked up held in off-hand +9 intellect +9 spirit requires level 60 item level 65 equip: increases spell power by 8. equip: chance on direct spell hit to pinpoint the weakness of your target, increasing your spell penenetration by 10 for 12 seconds.   you haven't collected this appearance"
410212,Moltenflow Tome,False,54,59,Held in off-hand,INVTYPE_HOLDABLE,Armor,Miscellaneous,3,8,8,0,0,0,7,0,14.4,True,False,True,"Burning Steppes 57.7, 22.2 [FADING]",moltenflow tome worldforged binds when picked up held in off-hand +8 intellect +7 spirit requires level 54 item level 59 equip: increases spell power by 8. equip: dealing direct magic damage has a chance to grant you 20 fire resistance and regenerate 50 health every 2 seconds for 10 seconds.   you haven't collected this appearance
515358,Mystic Geode,False,48,53,Held in off-hand,INVTYPE_HOLDABLE,Armor,Miscellaneous,2,6,7,0,0,5,0,0,13.6,True,False,True,"Un'Goro Crater 80.9, 61.0 [CONFIRMED]",mystic geode worldforged binds when picked up held in off-hand +5 stamina +7 intellect requires level 48 item level 53 equip: improves critical strike rating by 5. equip: increases spell power by 6.   you haven't collected this appearance
515242,Tome of Sundered Souls,False,50,55,Held in off-hand,INVTYPE_HOLDABLE,Armor,Miscellaneous,3,7,8,0,0,0,0,0,13.4,True,False,True,"The Hinterlands 67.7, 78.0 [CONFIRMED]","tome of sundered souls worldforged binds when picked up held in off-hand +5 stamina +8 intellect requires level 50 item level 55 equip: increases spell power by 7. equip: damaging spells have a chance to deal an additional 109 shadow damage over 6 seconds to your target, siphoning 100% of that damage as health.   you haven't collected this appearance"
515360,Bug Repellant,False,50,55,Held in off-hand,INVTYPE_HOLDABLE,Armor,Miscellaneous,3,0,11,7,0,0,10,0,13.35,True,False,True,"Un'Goro Crater 38.5, 65.8 [FADING]",bug repellant worldforged binds when picked up held in off-hand +11 intellect +10 spirit +7 nature resistance requires level 50 item level 55 equip: improves haste rating by 7.   you haven't collected this appearance
515199,Ravenwind Codex,False,48,53,Held in off-hand,INVTYPE_HOLDABLE,Armor,Miscellaneous,3,9,0,6,0,0,0,0,12.9,True,False,True,"Feralas 39.0, 15.9 [FADING]",ravenwind codex worldforged binds when picked up held in off-hand +7 stamina requires level 48 item level 53 equip: increases spell power by 9. equip: improves haste rating by 6.   you haven't collected this appearance
410111,Aurora Orb,False,57,62,Held in off-hand,INVTYPE_HOLDABLE,Armor,Miscellaneous,3,8,0,6,0,0,8,0,11.9,True,False,True,"Winterspring 54.6, 51.3 [CONFIRMED]",aurora orb worldforged binds when picked up held in off-hand +8 spirit requires level 57 item level 62 equip: increases spell power by 8. equip: improves haste rating by 6. equip: damaging spell casts have a chance to grant a shield absorbing up to 150 damage.   you haven't collected this appearance
515319,Bubbling Fel Mixture,False,51,56,Held in off-hand,INVTYPE_HOLDABLE,Armor,Miscellaneous,3,0,0,6,0,0,0,0,3.9,True,False,True,"Felwood 35.1, 61.0 [FADING]",bubbling fel mixture worldforged binds when picked up held in off-hand +7 stamina requires level 51 item level 56 equip: improves haste rating by 6. use: restores 900 to 1200 mana at the cost of 300 to 500 life. (2 min cooldown)   you haven't collected this appearance
410044,Shadow Slinger Pants,False,60,65,Legs,INVTYPE_LEGS,Armor,Cloth,3,16,17,0,14,0,0,0,35.9,True,False,True,"Twilight's Run 84.5, 28.8 [CONFIRMED]",shadow slinger pants worldforged binds when picked up legs cloth 74 armor +12 stamina +17 intellect requires level 60 item level 65 equip: improves hit rating by 14. equip: increases spell power by 16.   you haven't collected this appearance
410101,Owlbeast Pantaloons,False,56,61,Legs,INVTYPE_LEGS,Armor,Leather,3,18,21,0,0,0,0,0,34.8,True,False,True,"Winterspring 63.1, 17.8 [FADING]","owlbeast pantaloons worldforged binds when picked up legs leather 140 armor +14 stamina +21 intellect requires level 56 item level 61 equip: increases spell power by 18. ""feathers are the new leathers!""   you haven't collected this appearance"
410184,Magmaweave Pantaloons,False,57,62,Legs,INVTYPE_LEGS,Armor,Cloth,3,15,16,0,0,12,0,0,32.6,True,False,True,"Burning Steppes 36.0, 48.0 [CONFIRMED]",magmaweave pantaloons worldforged binds when picked up legs cloth 71 armor +11 stamina +16 intellect requires level 57 item level 62 equip: increases spell power by 15. equip: improves critical strike rating by 12.   you haven't collected this appearance
515266,Slave Worker Pantaloons,False,47,52,Legs,INVTYPE_LEGS,Armor,Cloth,2,10,10,7,0,0,0,0,22.55,True,False,True,"Searing Gorge 39.7, 54.0 [CONFIRMED]",slave worker pantaloons worldforged binds when picked up legs cloth 18 armor +7 stamina +10 intellect requires level 47 item level 52 equip: improves haste rating by 7. equip: increases spell power by 10.   you haven't collected this appearance
515721,Bloodthread Leggings,False,47,52,Legs,INVTYPE_LEGS,Armor,Cloth,2,12,13,0,0,0,0,0,22.4,True,False,True,"The Hinterlands 63.2, 60.0 [CONFIRMED]",bloodthread leggings worldforged binds when picked up legs cloth 18 armor +9 stamina +13 intellect requires level 47 item level 52 equip: increases spell power by 12.   you haven't collected this appearance
515747,Dustwhisper Legguards,False,47,52,Legs,INVTYPE_LEGS,Armor,Mail,2,12,13,0,0,0,0,0,22.4,True,False,True,"Tanaris 33.8, 60.0 [FADING]",dustwhisper legguards worldforged binds when picked up legs mail 213 armor +9 stamina +13 intellect requires level 47 item level 52 equip: increases spell power by 12.   you haven't collected this appearance
515183,Moon-Infused Breeches,False,53,58,Legs,INVTYPE_LEGS,Armor,Cloth,3,0,20,0,0,0,17,0,16.0,True,False,True,"Feralas 60.2, 46.3 [FADING]","moon-infused breeches worldforged binds when picked up legs cloth 67 armor +13 stamina +20 intellect +17 spirit requires level 53 item level 58 ""an ogre must have cleaned these in the nearby moonwell""   you haven't collected this appearance"
410163,Sorrow Leggings,False,51,56,Legs,INVTYPE_LEGS,Armor,Cloth,2,0,14,0,0,10,0,0,15.2,True,False,True,"Eastern Plaguelands 33.4, 51.1 [FADING]",sorrow leggings worldforged binds when picked up legs cloth 59 armor +10 stamina +14 intellect requires level 51 item level 56 equip: improves critical strike rating by 10.   you haven't collected this appearance
515405,Lucky Fisherman's Breeches,False,52,57,Legs,INVTYPE_LEGS,Armor,Leather,3,0,0,0,14,13,0,0,11.5,True,False,True,"Un'Goro Crater 34.7, 24.8 [CONFIRMED]",lucky fisherman's breeches worldforged binds when picked up legs leather 131 armor +12 stamina requires level 52 item level 57 equip: improves critical strike rating by 13. equip: improves hit rating by 14.   you haven't collected this appearance
515165,Shimmering Silithid Carapace,False,46,51,Legs,INVTYPE_LEGS,Armor,Plate,3,0,0,0,13,0,0,0,5.85,True,False,True,"Feralas 76.2, 66.9 [CONFIRMED]",shimmering silithid carapace worldforged binds when picked up legs plate 553 armor +11 stamina requires level 46 item level 51 equip: improves hit rating by 13. equip: increases defense rating by 12.   you haven't collected this appearance
410105,Winterbite Legguards,False,58,63,Legs,INVTYPE_LEGS,Armor,Mail,3,0,0,0,0,0,0,0,0.0,True,False,True,"Winterspring 67.8, 27.4 [CONFIRMED]",winterbite legguards worldforged binds when picked up legs mail 304 armor +15 agility +14 stamina requires level 58 item level 63 equip: increases attack power by 22.   you haven't collected this appearance
410215,Flamescale Leggings,False,57,62,Legs,INVTYPE_LEGS,Armor,Mail,3,0,0,0,0,0,0,0,0.0,True,False,True,"Burning Steppes 30.0, 71.0 [CONFIRMED]",flamescale leggings worldforged binds when picked up legs mail 300 armor +13 strength +14 agility +14 stamina requires level 57 item level 62   you haven't collected this appearance
410059,Qiraji Scale Greaves,False,57,62,Legs,INVTYPE_LEGS,Armor,Mail,3,0,0,0,0,0,0,0,0.0,True,False,True,"Silithus 43.9, 14.0 [FADING]",qiraji scale greaves worldforged binds when picked up legs mail 300 armor +14 agility +14 stamina requires level 57 item level 62 equip: increases attack power by 21.   you haven't collected this appearance
410017,Bloodied Pants,False,56,61,Legs,INVTYPE_LEGS,Armor,Mail,3,0,0,0,0,0,0,0,0.0,True,False,True,"Western Plaguelands 55.0, 23.7 [FADING]",bloodied pants worldforged binds when picked up legs mail 296 armor +17 strength +19 stamina requires level 56 item level 61   you haven't collected this appearance
354451,Vulture Hide Leggings,False,55,60,Legs,INVTYPE_LEGS,Armor,Leather,3,0,0,0,0,0,0,0,0.0,True,False,True,"Deadwind Pass 52.3, 61.2 [CONFIRMED]",vulture hide leggings worldforged binds when picked up legs leather 137 armor +14 agility +14 stamina requires level 55 item level 60 equip: increases attack power by 21.   you haven't collected this appearance
515328,Fallen Sentinel's Leggings,False,54,59,Legs,INVTYPE_LEGS,Armor,Mail,3,0,0,0,0,0,0,0,0.0,True,False,True,"Felwood 39.1, 21.7 [CONFIRMED]",fallen sentinel's leggings worldforged binds when picked up legs mail 288 armor +14 agility +13 stamina requires level 54 item level 59 equip: increases attack power by 20.   you haven't collected this appearance
515389,Golakka Scoured Legguards,False,54,59,Legs,INVTYPE_LEGS,Armor,Mail,2,0,0,0,0,0,0,0,0.0,True,False,True,"Un'Goro Crater 30.7, 50.4 [FADING]",golakka scoured legguards worldforged binds when picked up legs mail 260 armor +10 strength +11 stamina requires level 54 item level 59 equip: increases your expertise rating by 12.   you haven't collected this appearance
515603,Cliffwalker Legplates,False,52,57,Legs,INVTYPE_LEGS,Armor,Plate,3,0,0,0,0,0,0,0,0.0,True,False,True,"Azshara 84.0, 17.0 [FADING]","cliffwalker legplates worldforged binds when picked up legs plate 482 armor +11 strength +13 stamina requires level 52 item level 57 equip: increases defense rating by 13. ""carved from the body of a cliffwalker. judging by the furbolgs' fate, the giants were none too happy about this.""   you haven't collected this appearance"
515270,Dark Iron Legplates,False,47,52,Legs,INVTYPE_LEGS,Armor,Plate,3,0,0,0,0,0,0,0,0.0,True,False,True,"Searing Gorge 42.5, 30.9 [CONFIRMED]",dark iron legplates worldforged binds when picked up legs plate 562 armor +10 strength +11 stamina requires level 47 item level 52 equip: increases the block value of your shield by 12.   you haven't collected this appearance
515285,Ogre Finger Sleeve,False,46,51,Legs,INVTYPE_LEGS,Armor,Plate,3,0,0,0,0,0,0,0,0.0,True,False,True,"Blasted Lands 44.2, 12.2 [FADING]",ogre finger sleeve worldforged binds when picked up legs plate 553 armor +11 stamina requires level 46 item level 51 equip: increases defense rating by 12. equip: increases your expertise rating by 13.   you haven't collected this appearance
217849,Kris of Corrupted Flame,False,55,60,Main hand,INVTYPE_WEAPONMAINHAND,Weapon,Daggers,3,28,12,7,0,0,0,0,42.15,False,False,True,,kris of corrupted flame binds when picked up main hand dagger 34 - 49 damage speed 1.50 (27.7 damage per second) +8 intellect requires level 51 item level 49 equip: increases spell power by 18. equip: improves haste rating by 5. equip: improves your resilience rating by 16.   you haven't collected this appearance
515599,Sacrificial Carver,False,51,56,Main hand,INVTYPE_WEAPONMAINHAND,Weapon,One-Handed Swords,3,35,0,0,0,7,0,0,37.8,True,False,True,"Azshara 61.3, 25.1 [FADING]",sacrificial carver worldforged binds when picked up main hand sword 57 - 87 damage speed 2.50 (28.9 damage per second) requires level 51 item level 56 equip: improves critical strike rating by 7. equip: increases spell power by 25. equip: increases fire spell damage by 10.   you haven't collected this appearance
515293,Dreadweaver,False,53,58,Main hand,INVTYPE_WEAPONMAINHAND,Weapon,Daggers,3,26,11,0,0,0,10,0,34.8,True,False,True,"Blasted Lands 39.0, 32.0 [CONFIRMED]",dreadweaver worldforged binds when picked up main hand dagger 37 - 56 damage speed 1.60 (29.3 damage per second) +11 intellect +10 spirit requires level 53 item level 58 equip: increases spell power by 16. equip: increases shadow spell damage by 10.   you haven't collected this appearance
515370,Dino Wacker,False,54,59,Main hand,INVTYPE_WEAPONMAINHAND,Weapon,One-Handed Maces,3,25,9,0,0,0,8,9,32.2,True,False,True,"Un'Goro Crater 31.1, 77.8 [CONFIRMED]",dino wacker worldforged binds when picked up main hand mace 56 - 85 damage speed 2.40 (29.5 damage per second) +9 intellect +8 spirit requires level 54 item level 59 equip: restores 9 mana per 5 sec. equip: increases spell power by 25.   you haven't collected this appearance
410220,Infernal Fang,False,56,61,Main hand,INVTYPE_WEAPONMAINHAND,Weapon,Daggers,3,25,8,0,0,0,0,0,31.4,True,False,True,"Burning Steppes 13.0, 31.0 [CONFIRMED]","infernal fang worldforged binds when picked up main hand dagger 40 - 61 damage speed 1.70 (29.8 damage per second) +6 stamina +8 intellect requires level 56 item level 61 equip: increases spell power by 25. equip: melee and ranged auto attacks have a chance to cause  an additional strike, dealing shadow damage and healing you for 200% of the damage dealt.   you haven't collected this appearance"
410094,Frostglade Saber,False,55,60,Main hand,INVTYPE_WEAPONMAINHAND,Weapon,One-Handed Swords,3,24,8,0,0,0,0,0,30.4,True,False,True,"Winterspring 51.9, 41.8 [CONFIRMED]","frostglade saber worldforged binds when picked up main hand sword 56 - 86 damage speed 2.40 (29.7 damage per second) +6 stamina +8 intellect requires level 55 item level 60 equip: increases spell power by 24. chance on hit: increases your spell damage by 20, and critical strike rating by 6 for 10 sec.   you haven't collected this appearance"
410030,Bonescourge Dagger,False,54,59,Main hand,INVTYPE_WEAPONMAINHAND,Weapon,Daggers,3,24,8,0,0,0,0,0,30.4,True,False,True,"Western Plaguelands 42.0, 59.9 [FADING]",bonescourge dagger worldforged binds when picked up main hand dagger 42 - 65 damage speed 1.80 (29.5 damage per second) +8 intellect requires level 54 item level 59 equip: increases spell power by 24. equip: increases spell penetration by 7. equip: chance on direct spell hit to inflict 57 plague damage every 2 sec for 8 seconds.    you haven't collected this appearance
354326,Hive Regal Claw,False,59,64,Main hand,INVTYPE_WEAPONMAINHAND,Weapon,Daggers,3,30,0,0,0,0,0,12,30.0,True,False,True,"Silithus 56.9, 100.0 [STALE]",hive regal claw worldforged binds when picked up main hand dagger 43 - 66 damage speed 1.80 (30.4 damage per second) requires level 59 item level 64 equip: increases spell power by 30. equip: increases spell penetration by 11. equip: restores 12 mana per 5 sec. equip: your direct damaging spells have a chance to summon a swarm of silithid from hive'regal to fight for you.   you haven't collected this appearance
410032,Fetid Mace,False,57,62,Main hand,INVTYPE_WEAPONMAINHAND,Weapon,One-Handed Maces,3,29,0,0,0,0,11,0,29.0,True,False,True,"Western Plaguelands 63.9, 57.1 [FADING]",fetid mace worldforged binds when picked up main hand mace 64 - 98 damage speed 2.70 (30.1 damage per second) +8 stamina +11 spirit requires level 57 item level 62 equip: increases spell power by 29.   you haven't collected this appearance
410143,The Silver Blade,False,57,62,Main hand,INVTYPE_WEAPONMAINHAND,Weapon,One-Handed Swords,3,29,0,0,0,0,11,0,29.0,True,False,True,"Eastern Plaguelands 46.3, 44.1 [CONFIRMED]",the silver blade worldforged binds when picked up main hand sword 60 - 91 damage speed 2.50 (30.1 damage per second) +8 stamina +11 spirit requires level 57 item level 62 equip: increases spell power by 29.   you haven't collected this appearance
515725,Fleshcarver Athame,False,50,55,Main hand,INVTYPE_WEAPONMAINHAND,Weapon,Daggers,3,21,10,0,0,0,0,0,29.0,True,False,True,"The Hinterlands 59.0, 67.1 [FADING]",fleshcarver athame worldforged binds when picked up main hand dagger 36 - 55 damage speed 1.60 (28.7 damage per second) +7 stamina +10 intellect requires level 50 item level 55 equip: increases spell power by 21.   you haven't collected this appearance
515256,Fire Poker,False,46,51,Main hand,INVTYPE_WEAPONMAINHAND,Weapon,Daggers,3,21,7,0,0,4,0,0,28.2,True,False,True,"Searing Gorge 23.0, 55.0 [FADING]",fire poker worldforged binds when picked up main hand dagger 17 - 28 damage speed 1.50 (15.1 damage per second) +4 stamina +7 intellect requires level 46 item level 51 equip: improves critical strike rating by 4. equip: increases spell power by 11. equip: increases fire spell damage by 10.   you haven't collected this appearance
410209,Lava Absorbing Blade,False,55,60,Main hand,INVTYPE_WEAPONMAINHAND,Weapon,One-Handed Swords,3,24,0,0,0,6,0,0,26.4,True,False,True,"Burning Steppes 70.6, 31.8 [FADING]",lava absorbing blade worldforged binds when picked up main hand sword 59 - 90 damage speed 2.50 (29.7 damage per second) +5 stamina +7 fire resistance requires level 55 item level 60 equip: increases spell power by 24. equip: improves critical strike rating by 6. equip: fire spell criticals have a chance to restore 5% of your base mana.   you haven't collected this appearance
515740,Time Stream Slasher,False,50,55,Main hand,INVTYPE_WEAPONMAINHAND,Weapon,Daggers,3,18,7,4,0,0,0,0,26.2,True,False,True,"Tanaris 63.8, 52.2 [CONFIRMED]",time stream slasher worldforged binds when picked up main hand dagger 41 - 63 damage speed 1.80 (28.7 damage per second) +7 intellect requires level 50 item level 55 equip: improves haste rating by 4. equip: increases spell power by 18. equip: your melee attacks and direct damaging spells have a chance to slash a temporal wound into the target causing an additional 176 arcane damage.   you haven't collected this appearance
410139,Scarlet Cauterizer,False,59,64,Main hand,INVTYPE_WEAPONMAINHAND,Weapon,Daggers,3,21,6,0,0,0,0,0,25.8,True,False,True,"Eastern Plaguelands 75.0, 79.0 [CONFIRMED]",scarlet cauterizer worldforged binds when picked up main hand dagger 43 - 66 damage speed 1.80 (30.4 damage per second) +6 intellect requires level 59 item level 64 equip: increases spell penetration by 6. equip: increases spell power by 21. equip: increases attack power by 7. chance on hit: sear a target dealing 45 to 60 fire damage.   you haven't collected this appearance
515364,Tongs of Miscalibration,False,52,57,Main hand,INVTYPE_WEAPONMAINHAND,Weapon,One-Handed Maces,3,19,7,0,0,0,0,0,24.6,True,False,True,"Un'Goro Crater 67.5, 17.0 [CONFIRMED]",tongs of miscalibration worldforged binds when picked up main hand mace 58 - 88 damage speed 2.50 (29.1 damage per second) +4 strength +7 intellect requires level 52 item level 57 equip: increases spell power by 19. chance on hit: miscalibration! causes your spell damage to increase by 10 but decreases your attack power by 10. stacks up to 5 times and lasts 12 sec or until dealing damage with a spell.   you haven't collected this appearance
410141,Malleus Haereticorum,False,59,64,Main hand,INVTYPE_WEAPONMAINHAND,Weapon,One-Handed Maces,3,24,0,0,0,0,0,0,24.0,True,False,True,"Eastern Plaguelands 82.2, 79.3 [CONFIRMED]",malleus haereticorum worldforged binds when picked up main hand mace 65 - 99 damage speed 2.70 (30.4 damage per second) +5 strength +6 stamina requires level 59 item level 64 equip: increases spell power by 24. chance on hit: explode with scarlet wrath causing 68 to 77 holy damage to nearby targets.   you haven't collected this appearance
515289,Demon Claw,False,54,59,Main hand,INVTYPE_WEAPONMAINHAND,Weapon,One-Handed Maces,2,23,0,0,0,0,8,0,23.0,True,False,True,"Blasted Lands 65.0, 33.4 [FADING]",demon claw worldforged binds when picked up main hand mace 57 - 87 damage speed 2.60 (27.8 damage per second) +7 stamina +8 spirit requires level 54 item level 59 equip: increases spell power by 23.   you haven't collected this appearance
515204,Bloodscorn Ritual Kris,False,46,51,Main hand,INVTYPE_WEAPONMAINHAND,Weapon,Daggers,3,17,7,0,0,0,0,0,22.6,True,False,True,"Feralas 54.7, 32.0 [CONFIRMED]",bloodscorn ritual kris worldforged binds when picked up main hand dagger 21 - 33 damage speed 1.80 (15.1 damage per second) +4 stamina +7 intellect requires level 46 item level 51 equip: increases spell power by 17. use: sacrifice 300 life to gain 500 mana in return. (3 min cooldown)   you haven't collected this appearance
515273,Overseer's Mystic Wrench,False,50,55,Main hand,INVTYPE_WEAPONMAINHAND,Weapon,One-Handed Maces,3,11,5,0,0,0,0,0,15.0,True,False,True,"Searing Gorge 40.9, 35.0 [CONFIRMED]","overseer's mystic wrench worldforged binds when picked up main hand mace 57 - 87 damage speed 2.50 (28.7 damage per second) +4 agility +4 stamina +5 intellect requires level 50 item level 55 equip: increases spell power by 11. use: throw your electrified wrench at the opponent, causing 132 to 150 nature damage. (1 min 30 sec cooldown) ""directly from overseer maltorius' tool collection. this has built the first golems that started this excavation site. sometimes it doubles down as more than a tool it seems.""   you haven't collected this appearance"
515954,Minstrel's Magic,False,47,52,Main hand,INVTYPE_WEAPONMAINHAND,Weapon,One-Handed Maces,3,15,0,0,0,0,4,5,15.0,True,False,True,"Felwood 43.1, 78.0 [CONFIRMED]",minstrel's magic worldforged binds when picked up main hand mace 24 - 37 damage speed 2.00 (15.4 damage per second) +3 stamina +4 spirit requires level 47 item level 52 equip: increases spell power by 15. equip: restores 5 mana per 5 sec. chance on hit: increases spell damage by 25 for 15 sec.   you haven't collected this appearance
515622,Claws of the Lion,False,48,53,Main hand,INVTYPE_WEAPONMAINHAND,Weapon,Fist Weapons,3,0,0,5,0,6,0,0,5.65,True,False,True,"Azshara 26.3, 76.6 [FADING]",claws of the lion worldforged binds when picked up main hand fist weapon 72 - 108 damage speed 2.60 (34.6 damage per second) +5 agility +5 stamina requires level 48 item level 53 equip: improves critical strike rating by 6. equip: improves haste rating by 5.   you haven't collected this appearance
354465,The Master's Bottle,False,58,63,Main hand,INVTYPE_WEAPONMAINHAND,Weapon,One-Handed Maces,3,0,0,0,0,0,0,0,0.0,True,False,True,"Deadwind Pass 55.2, 73.2 [FADING]","the master's bottle worldforged binds when picked up main hand mace 74 - 113 damage speed 2.30 (40.8 damage per second) +5 strength +6 stamina requires level 58 item level 63 equip: increases your parry rating by 7. equip: parrying an attack has a chance to crack the bottle, leaking parry berry juice and increasing your parry rating by 42 for 10 seconds.   you haven't collected this appearance"
410049,Southwind Defender,False,56,61,Main hand,INVTYPE_WEAPONMAINHAND,Weapon,One-Handed Swords,3,0,0,0,0,0,0,0,0.0,True,False,True,"Silithus 58.8, 62.8 [CONFIRMED]",southwind defender worldforged binds when picked up main hand sword 75 - 114 damage speed 2.40 (39.5 damage per second) +7 strength +8 stamina requires level 56 item level 61 equip: increases your parry rating by 10.   you haven't collected this appearance
410014,Scarlet Slicer,False,55,60,Main hand,INVTYPE_WEAPONMAINHAND,Weapon,One-Handed Swords,3,0,0,0,0,0,0,0,0.0,True,False,True,"Western Plaguelands 53.2, 36.9 [FADING]",scarlet slicer worldforged binds when picked up main hand sword 74 - 112 damage speed 2.40 (38.9 damage per second) +7 strength +8 stamina requires level 55 item level 60 equip: increases your parry rating by 10.   you haven't collected this appearance
410133,Tainted Wasteblade,False,55,60,Main hand,INVTYPE_WEAPONMAINHAND,Weapon,One-Handed Swords,3,0,0,0,0,0,0,0,0.0,True,False,True,"Eastern Plaguelands 48.0, 62.0 [FADING]",tainted wasteblade worldforged binds when picked up main hand sword 77 - 117 damage speed 2.50 (38.9 damage per second) +5 strength +5 stamina requires level 55 item level 60 equip: increases your parry rating by 7. equip: parrying an attack has a chance to cause 87 plague damage to the attacker.   you haven't collected this appearance
515381,Cindersguard Saber,False,54,59,Main hand,INVTYPE_WEAPONMAINHAND,Weapon,One-Handed Swords,3,0,0,0,0,0,0,0,0.0,True,False,True,"Un'Goro Crater 49.9, 56.3 [CONFIRMED]",cindersguard saber worldforged binds when picked up main hand sword 61 - 93 damage speed 2.00 (38.3 damage per second) +7 strength +8 stamina +5 fire resistance requires level 54 item level 59 equip: increases defense rating by 8.   you haven't collected this appearance
410191,Inferno Gavel,False,53,58,Main hand,INVTYPE_WEAPONMAINHAND,Weapon,One-Handed Maces,3,0,0,0,0,0,0,0,0.0,True,False,True,"Burning Steppes 54.2, 40.7 [FADING]","inferno gavel worldforged binds when picked up main hand mace 81 - 122 damage speed 2.70 (37.6 damage per second) +5 strength +5 stamina requires level 53 item level 58 equip: increases your parry rating by 6. use: throw a flaming hammer at your target, dealing 100% weapon damage as fire damage. (1 min cooldown)   you haven't collected this appearance"
515380,Qiraji Stinger,False,52,57,Main hand,INVTYPE_WEAPONMAINHAND,Weapon,Daggers,3,0,0,0,0,0,0,0,0.0,True,False,True,"Un'Goro Crater 49.7, 75.4 [CONFIRMED]","qiraji stinger worldforged binds when picked up main hand dagger 56 - 85 damage speed 1.90 (37.0 damage per second) +5 stamina requires level 52 item level 57 equip: increases attack power by 7. equip: increases your armor penetration rating by 5. chance on hit: poison the target, dealing 132 nature damage over 8 seconds.   you haven't collected this appearance"
410080,Thermal Pendant,False,55,60,Neck,INVTYPE_NECK,Armor,Miscellaneous,3,11,11,0,0,0,0,0,19.8,True,False,True,"Winterspring 29.2, 35.8 [FADING]","thermal pendant worldforged binds when picked up neck +8 stamina +11 intellect requires level 55 item level 60 equip: increases spell power by 11. equip: casting a frost spell increases your fire spell power by 7 for 8 sec.  casting a fire spell increases your frost spell power by 7 for 8 sec."
410203,Grave Offering,False,54,59,Neck,INVTYPE_NECK,Armor,Miscellaneous,3,10,11,0,0,0,0,0,18.8,True,False,True,"Burning Steppes 71.8, 48.9 [CONFIRMED]",grave offering worldforged binds when picked up neck +8 stamina +11 intellect requires level 54 item level 59 equip: increases spell power by 10.
515378,Sparkshard Necklace,False,51,56,Neck,INVTYPE_NECK,Armor,Miscellaneous,3,9,10,0,0,0,0,0,17.0,True,False,True,"Un'Goro Crater 77.2, 50.0 [FADING]",sparkshard necklace worldforged binds when picked up neck +7 stamina +10 intellect requires level 51 item level 56 equip: increases spell power by 9.
278848,Blightbloom Talisman,False,55,60,Neck,INVTYPE_NECK,Armor,Miscellaneous,3,0,11,7,0,0,10,0,13.35,True,False,True,"Western Plaguelands 53.2, 66.3 [FADING]",blightbloom talisman worldforged binds when picked up neck +11 intellect +10 spirit requires level 55 item level 60 equip: improves haste rating by 7.
515339,Necklace of Purity,False,51,56,Neck,INVTYPE_NECK,Armor,Miscellaneous,3,9,0,0,0,0,9,0,9.0,True,False,True,"Felwood 54.9, 26.1 [FADING]",necklace of purity worldforged binds when picked up neck +7 stamina +9 spirit +6 shadow resistance requires level 51 item level 56 equip: increases spell power by 9.
515200,Zaetar's Lost Heirloom,False,47,52,Neck,INVTYPE_NECK,Armor,Miscellaneous,3,8,0,0,0,0,8,0,8.0,True,False,True,"Feralas 46.0, 3.0 [FADING]","zaetar's lost heirloom worldforged binds when picked up neck +8 spirit requires level 47 item level 52 equip: increases spell power by 8. equip: your direct damage and healing spells have a chance to grant you zaetar's blessing, healing you for 10 every 3 for 12 seconds."
515843,Southmoon Amulet,False,46,51,Neck,INVTYPE_NECK,Armor,Miscellaneous,3,8,0,0,0,0,0,0,8.0,True,False,True,"Tanaris 41.6, 73.9 [FADING]",southmoon amulet worldforged binds when picked up neck +6 stamina requires level 46 item level 51 equip: increases spell power by 8. equip: increases spell penetration by 8.
515326,Niby's Training Collar,False,50,55,Neck,INVTYPE_NECK,Armor,Miscellaneous,3,6,0,0,0,0,0,0,6.0,True,False,True,"Felwood 41.5, 44.8 [FADING]",niby's training collar worldforged binds when picked up neck +4 stamina requires level 50 item level 55 equip: increases spell penetration by 6. equip: increases spell power by 6. equip: increase the spell power of your summoned demon or enslaved demon by 15.
354448,Veneration to the Ancient Ones,False,55,60,Neck,INVTYPE_NECK,Armor,Miscellaneous,3,0,0,0,13,0,0,0,5.85,True,False,True,"Deadwind Pass 36.3, 69.7 [CONFIRMED]; Redridge Mountains 34.4, 56.0 [CONFIRMED]","veneration to the ancient ones worldforged binds when picked up neck requires level 55 item level 60 equip: improves hit rating by 13. equip: increases attack power by 17. ""'zael' is engraved upon this amulet in an ancient script."""
515734,High Cascade Cord,False,50,55,Neck,INVTYPE_NECK,Armor,Miscellaneous,3,0,7,0,0,0,6,0,5.6,True,False,True,"The Hinterlands 45.2, 30.4 [FADING]",high cascade cord worldforged binds when picked up neck +5 stamina +7 intellect +6 spirit requires level 50 item level 55 use: restores 80 health every 5 sec for 20 seconds. (2 min cooldown)
410038,Bravecrest Chain,False,55,60,Neck,INVTYPE_NECK,Armor,Miscellaneous,3,0,0,0,7,6,0,0,5.55,True,False,True,"Silithus 80.8, 20.9 [CONFIRMED]",bravecrest chain worldforged binds when picked up neck +6 stamina requires level 55 item level 60 equip: improves critical strike rating by 6. equip: improves hit rating by 7. equip: increases attack power by 9.
515355,Boom-Bling Choker,False,48,53,Neck,INVTYPE_NECK,Armor,Miscellaneous,3,0,0,0,10,0,0,0,4.5,True,False,True,"Un'Goro Crater 69.0, 85.0 [CONFIRMED]",boom-bling choker worldforged binds when picked up neck +9 stamina requires level 48 item level 53 equip: improves hit rating by 10.
515269,Incendosaur Bone String,False,47,52,Neck,INVTYPE_NECK,Armor,Miscellaneous,4,0,0,0,0,6,0,0,2.4,True,False,True,"Searing Gorge 45.0, 19.0 [CONFIRMED]",incendosaur bone string worldforged binds when picked up neck +6 agility +6 stamina +7 fire resistance requires level 47 item level 52 equip: improves critical strike rating by 6. equip: increases attack power by 9.
515303,Doom Pendant,False,60,65,Neck,INVTYPE_NECK,Armor,Miscellaneous,3,0,0,0,0,0,0,0,0.0,True,False,True,"Blasted Lands 44.4, 72.2 [FADING]",doom pendant worldforged binds when picked up neck +12 stamina requires level 60 item level 65 equip: increases your dodge rating by 14.
410058,Wind Pendant,False,58,63,Neck,INVTYPE_NECK,Armor,Miscellaneous,3,0,0,0,0,0,0,0,0.0,True,False,True,"Silithus 21.6, 9.0 [FADING]",wind pendant worldforged binds when picked up neck +11 stamina requires level 58 item level 63 equip: increases your dodge rating by 13.
515396,Cord of Living Vines,False,54,59,Neck,INVTYPE_NECK,Armor,Miscellaneous,3,0,0,0,0,0,0,0,0.0,True,False,True,"Un'Goro Crater 32.2, 40.4 [FADING]",cord of living vines worldforged binds when picked up neck +8 agility +8 stamina requires level 54 item level 59 equip: increases attack power by 11.
410166,Wailing Spirit Amulet,False,54,59,Neck,INVTYPE_NECK,Armor,Miscellaneous,3,0,0,0,0,0,0,15,0.0,True,False,True,"Eastern Plaguelands 16.0, 56.0 [FADING]",wailing spirit amulet worldforged binds when picked up neck +11 stamina requires level 54 item level 59 equip: restores 15 mana per 5 sec.
515613,Necklace of Unbroken Waves,False,53,58,Neck,INVTYPE_NECK,Armor,Miscellaneous,3,0,0,0,0,0,0,0,0.0,True,False,True,"Azshara 55.9, 71.3 [CONFIRMED]",necklace of unbroken waves worldforged binds when picked up neck +18 stamina +10 nature resistance requires level 53 item level 58
410234,Skippy's Bone,False,51,56,Neck,INVTYPE_NECK,Armor,Miscellaneous,3,0,0,0,0,0,0,0,0.0,True,False,True,"Western Plaguelands 36.0, 69.0 [CONFIRMED]",skippy's bone worldforged binds when picked up neck +7 agility +7 stamina requires level 51 item level 56 equip: increases your dodge rating by 8.
410214,Embershard Choker,False,49,54,Neck,INVTYPE_NECK,Armor,Miscellaneous,3,0,0,0,0,0,0,0,0.0,True,False,True,"Burning Steppes 30.0, 44.0 [FADING]",embershard choker worldforged binds when picked up neck +7 stamina requires level 49 item level 54 equip: increases your armor penetration rating by 7. equip: increases your expertise rating by 8.
515264,Heavy War Golem Rune,False,47,52,Neck,INVTYPE_NECK,Armor,Miscellaneous,3,0,0,0,0,0,0,0,0.0,True,False,True,"Searing Gorge 32.0, 51.0 [CONFIRMED]",heavy war golem rune worldforged binds when picked up neck +9 stamina +6 fire resistance requires level 47 item level 52 equip: increases defense rating by 10.
515706,Elder Highpeak's Keepsake,False,46,51,Neck,INVTYPE_NECK,Armor,Miscellaneous,3,0,0,0,0,0,0,0,0.0,True,False,True,"The Hinterlands 49.9, 48.6 [CONFIRMED]",elder highpeak's keepsake worldforged binds when picked up neck +6 agility +6 stamina requires level 46 item level 51 equip: increases your dodge rating by 7.
515623,Might of Azshara,False,46,51,Neck,INVTYPE_NECK,Armor,Miscellaneous,3,0,0,0,0,0,0,0,0.0,True,False,True,"Azshara 32.1, 51.9 [FADING]","might of azshara worldforged binds when picked up neck +6 strength +6 stamina requires level 46 item level 51 equip: increases attack power by 9. ""a metaphorical representation of azshara's strength, its power seems to be quite literal as well."""
515627,Claws of the Bear,False,47,52,Off hand,INVTYPE_WEAPONOFFHAND,Weapon,Fist Weapons,3,0,0,0,6,0,0,0,2.7,True,False,True,"Azshara 25.0, 66.0 [CONFIRMED]",claws of the bear worldforged binds when picked up off hand fist weapon 76 - 114 damage speed 2.80 (33.9 damage per second) +5 strength +5 stamina requires level 47 item level 52 equip: improves hit rating by 6. equip: increases attack power by 8.   you haven't collected this appearance
410055,Twilight's Presence,False,58,63,One-hand,INVTYPE_WEAPON,Weapon,One-Handed Maces,3,8,8,0,0,0,0,0,14.4,True,False,True,"Silithus 17.9, 82.3 [CONFIRMED]",twilight's presence worldforged binds when picked up one-hand mace 88 - 133 damage speed 2.70 (40.8 damage per second) +5 strength +8 intellect requires level 58 item level 63 equip: increases spell power by 8. equip: dealing periodic shadow or fire damage has a chance to increase your critical strike rating by 8. stacks 4 times. lasts 8 sec.   you haven't collected this appearance
410224,Charbite Mace,False,53,58,One-hand,INVTYPE_WEAPON,Weapon,One-Handed Maces,3,7,8,0,0,0,0,0,13.4,True,False,True,"Blackrock Mountain 49.0, 57.8 [CONFIRMED]; Burning Steppes 37.0, 46.0 [CONFIRMED]",charbite mace worldforged binds when picked up one-hand mace 78 - 118 damage speed 2.60 (37.6 damage per second) +6 stamina +8 intellect requires level 53 item level 58 equip: increases spell power by 7. chance on hit: increase your spell power 20 for 10 sec.   you haven't collected this appearance
515707,Hexcall Gavel,False,46,51,One-hand,INVTYPE_WEAPON,Weapon,One-Handed Maces,2,7,8,0,0,0,7,0,13.4,True,False,True,"The Hinterlands 49.7, 53.6 [FADING]",hexcall gavel worldforged binds when picked up one-hand mace 54 - 81 damage speed 2.40 (28.1 damage per second) +8 intellect +7 spirit requires level 46 item level 51 equip: increases spell power by 7.   you haven't collected this appearance
410130,Fungal Cleaver,False,57,62,One-hand,INVTYPE_WEAPON,Weapon,One-Handed Axes,3,0,12,0,0,0,0,0,9.6,True,False,True,"Eastern Plaguelands 36.1, 44.0 [FADING]",fungal cleaver worldforged binds when picked up one-hand axe 84 - 125 damage speed 2.60 (40.2 damage per second) +9 agility +8 stamina +12 intellect requires level 57 item level 62 chance on hit: strike the target causing 126 nature damage.   you haven't collected this appearance
515325,Highborne Carver,False,50,55,One-hand,INVTYPE_WEAPON,Weapon,Daggers,3,9,0,0,0,0,0,0,9.0,True,False,True,"Felwood 37.5, 52.3 [FADING]",highborne carver worldforged binds when picked up one-hand dagger 48 - 73 damage speed 1.70 (35.8 damage per second) +7 stamina requires level 50 item level 55 equip: increases attack power by 11. equip: increases spell power by 9.   you haven't collected this appearance
515315,Jadefire Bone Breaker,False,50,55,One-hand,INVTYPE_WEAPON,Weapon,One-Handed Axes,3,9,0,0,0,0,0,0,9.0,True,False,True,"Felwood 38.9, 83.0 [CONFIRMED]",jadefire bone breaker worldforged binds when picked up one-hand axe 72 - 107 damage speed 2.50 (35.8 damage per second) +7 stamina requires level 50 item level 55 equip: increases attack power by 11. equip: increases spell power by 9.   you haven't collected this appearance
410108,Chillhammer,False,51,56,One-hand,INVTYPE_WEAPON,Weapon,One-Handed Maces,3,6,0,0,0,0,0,0,6.0,True,False,True,"Winterspring 69.9, 41.8 [FADING]",chillhammer worldforged binds when picked up one-hand mace 75 - 114 damage speed 2.60 (36.4 damage per second) +5 stamina requires level 51 item level 56 equip: increases attack power by 8. equip: increases spell power by 6. equip: dealing direct frost damage marks a target. your next physical ability will deal additional 40 frost damage.   you haven't collected this appearance
410074,Sandstorm Shaper,False,56,61,One-hand,INVTYPE_WEAPON,Weapon,One-Handed Swords,4,0,0,5,6,0,0,0,5.95,True,False,True,"Silithus 26.7, 21.7 [FADING]",sandstorm shaper worldforged binds when picked up unique-equipped one-hand sword 87 - 130 damage speed 2.50 (43.4 damage per second) +5 stamina requires level 56 item level 61 equip: improves haste rating by 5. equip: increases attack power by 7. equip: improves hit rating by 6. chance on hit: attack nearby enemies for 6 sec dealing 40 damage every second.   you haven't collected this appearance
410228,Magma Poker,False,55,60,One-hand,INVTYPE_WEAPON,Weapon,Daggers,3,0,0,7,0,0,0,0,4.55,True,False,True,"Burning Steppes 52.0, 51.0 [CONFIRMED]",magma poker worldforged binds when picked up one-hand dagger 56 - 84 damage speed 1.80 (38.9 damage per second) +8 stamina requires level 55 item level 60 equip: increases attack power by 13. equip: improves haste rating by 7.   you haven't collected this appearance
410123,Hyjal Protector's Knuckleduster,False,59,64,One-hand,INVTYPE_WEAPON,Weapon,Fist Weapons,3,0,0,0,10,0,0,0,4.5,True,False,True,"Winterspring 51.0, 84.0 [CONFIRMED]",hyjal protector's knuckleduster worldforged binds when picked up one-hand fist weapon 86 - 130 damage speed 2.60 (41.4 damage per second) +9 agility +9 stamina requires level 59 item level 64 equip: improves hit rating by 10.   you've collected this appearance
278843,Flesh Flayer Hook,False,54,59,One-hand,INVTYPE_WEAPON,Weapon,One-Handed Axes,3,0,0,0,9,0,0,0,4.05,True,False,True,"Western Plaguelands 39.5, 68.4 [CONFIRMED]",flesh flayer hook worldforged binds when picked up one-hand axe 79 - 120 damage speed 2.60 (38.3 damage per second) +8 stamina requires level 54 item level 59 equip: increases attack power by 12. equip: improves hit rating by 9.   you haven't collected this appearance
515302,Fallen Soldier's Shank,False,52,57,One-hand,INVTYPE_WEAPON,Weapon,Daggers,2,0,0,0,9,0,0,0,4.05,True,False,True,"Blasted Lands 51.1, 55.1 [FADING]",fallen soldier's shank worldforged binds when picked up one-hand dagger 40 - 61 damage speed 1.60 (31.5 damage per second) +8 stamina requires level 52 item level 57 equip: improves hit rating by 9.   you haven't collected this appearance
410178,Borelgore's Chewtoy,False,57,62,One-hand,INVTYPE_WEAPON,Weapon,Fist Weapons,3,0,0,6,0,0,0,0,3.9,True,False,True,"Eastern Plaguelands 51.0, 27.0 [CONFIRMED]",borelgore's chewtoy worldforged binds when picked up one-hand fist weapon 84 - 125 damage speed 2.60 (40.2 damage per second) +7 agility +7 stamina requires level 57 item level 62 equip: improves haste rating by 6. equip: increases your dodge rating by 8.   you've collected this appearance
515277,Burned Blade Shiv,False,47,52,One-hand,INVTYPE_WEAPON,Weapon,Daggers,3,0,0,6,0,0,0,0,3.9,True,False,True,"Searing Gorge 41.7, 43.9 [CONFIRMED]",burned blade shiv worldforged binds when picked up one-hand dagger 46 - 69 damage speed 1.70 (33.8 damage per second) +7 agility +7 stamina requires level 47 item level 52 equip: improves haste rating by 6.   you haven't collected this appearance
410118,Ice Shaver,False,59,64,One-hand,INVTYPE_WEAPON,Weapon,One-Handed Swords,3,0,0,0,0,9,0,0,3.6,True,False,True,"Winterspring 63.2, 70.1 [FADING]",ice shaver worldforged binds when picked up one-hand sword 79 - 120 damage speed 2.40 (41.4 damage per second) +8 strength +9 stamina requires level 59 item level 64 equip: improves critical strike rating by 9.   you haven't collected this appearance
278851,Skeletal Club,False,58,63,One-hand,INVTYPE_WEAPON,Weapon,One-Handed Maces,3,0,0,5,0,0,0,0,3.25,True,False,True,"Western Plaguelands 65.3, 73.9 [FADING]",skeletal club worldforged binds when picked up one-hand mace 88 - 133 damage speed 2.70 (40.8 damage per second) +5 strength +6 stamina requires level 58 item level 63 equip: improves haste rating by 5. equip: blacksmithing skill increased by 5.   you haven't collected this appearance
515726,The Blood Talon,False,55,60,One-hand,INVTYPE_WEAPON,Weapon,One-Handed Swords,3,0,0,5,0,0,0,0,3.25,True,False,True,"The Hinterlands 53.0, 66.9 [CONFIRMED]",the blood talon worldforged binds when picked up one-hand sword 81 - 122 damage speed 2.60 (38.9 damage per second) +5 strength +6 agility requires level 55 item level 60 equip: improves haste rating by 5. chance on hit: rip the flesh causing 41 physical damage every 2 second for 12 seconds to the target.   you haven't collected this appearance
410040,Excavator's Pick,False,55,60,One-hand,INVTYPE_WEAPON,Weapon,One-Handed Axes,3,0,0,0,0,8,0,0,3.2,True,False,True,"Silithus 58.0, 43.6 [CONFIRMED]",excavator's pick worldforged binds when picked up one-hand axe 81 - 122 damage speed 2.60 (38.9 damage per second) +8 agility requires level 55 item level 60 equip: increases your armor penetration rating by 8. equip: improves critical strike rating by 8.   you haven't collected this appearance
410161,Assisting Hand,False,58,63,One-hand,INVTYPE_WEAPON,Weapon,One-Handed Maces,3,0,0,0,7,0,0,0,3.15,True,False,True,"Eastern Plaguelands 33.1, 15.1 [FADING]",assisting hand worldforged binds when picked up one-hand mace 88 - 133 damage speed 2.70 (40.8 damage per second) +6 stamina requires level 58 item level 63 equip: increases attack power by 9. equip: improves hit rating by 7. chance on hit: strikes the enemy causing them to bleed for 161 over 6 seconds.   you haven't collected this appearance
515401,Caravaneer's Machete,False,51,56,One-hand,INVTYPE_WEAPON,Weapon,One-Handed Swords,2,0,0,0,7,0,0,0,3.15,True,False,True,"Un'Goro Crater 59.0, 49.0 [CONFIRMED]",caravaneer's machete worldforged binds when picked up one-hand sword 67 - 100 damage speed 2.70 (30.9 damage per second) +6 agility +6 stamina requires level 51 item level 56 equip: improves hit rating by 7.   you haven't collected this appearance
354455,"Kire, Exaltation of the Ancient Ones",False,55,60,One-hand,INVTYPE_WEAPON,Weapon,One-Handed Swords,4,0,0,0,0,7,0,0,2.8,True,False,True,"Deadwind Pass 32.9, 65.4 [FADING]","kire, exaltation of the ancient ones worldforged binds when picked up one-hand sword 96 - 145 damage speed 2.70 (44.7 damage per second) +7 stamina requires level 55 item level 60 equip: increases attack power by 10. equip: improves critical strike rating by 7. equip: your damaging spells and abilities have a chance to trigger soul schism for 10 seconds, dealing 460 shadow damage at the end of its duration. ""'kire' is engraved upon this blade in an ancient script.""   you haven't collected this appearance"
515361,Bonechipper Dagger,False,50,55,One-hand,INVTYPE_WEAPON,Weapon,Daggers,3,0,0,0,0,7,0,0,2.8,True,False,True,"Un'Goro Crater 69.2, 35.0 [FADING]",bonechipper dagger worldforged binds when picked up one-hand dagger 48 - 73 damage speed 1.70 (35.8 damage per second) +7 agility requires level 50 item level 55 equip: improves critical strike rating by 7. equip: increases attack power by 10.   you haven't collected this appearance
515410,Fossilized Smasher,False,50,55,One-hand,INVTYPE_WEAPON,Weapon,One-Handed Maces,3,0,0,0,0,7,0,0,2.8,True,False,True,"Un'Goro Crater 65.1, 23.7 [FADING]",fossilized smasher worldforged binds when picked up one-hand mace 74 - 112 damage speed 2.60 (35.8 damage per second) +6 strength +7 stamina requires level 50 item level 55 equip: improves critical strike rating by 7.   you haven't collected this appearance
515274,Molten Fang Tooth,False,47,52,One-hand,INVTYPE_WEAPON,Weapon,Daggers,3,0,0,0,0,7,0,0,2.8,True,False,True,"Searing Gorge 48.0, 19.0 [CONFIRMED]",molten fang tooth worldforged binds when picked up one-hand dagger 49 - 73 damage speed 1.80 (33.9 damage per second) +6 strength +7 stamina requires level 47 item level 52 equip: improves critical strike rating by 7.   you haven't collected this appearance
515265,Freedom Falchion,False,46,51,One-hand,INVTYPE_WEAPON,Weapon,One-Handed Swords,3,0,0,0,0,7,0,0,2.8,True,False,True,"Searing Gorge 28.3, 63.7 [FADING]",freedom falchion worldforged binds when picked up one-hand sword 69 - 104 damage speed 2.60 (33.3 damage per second) +7 agility +6 stamina requires level 46 item level 51 equip: improves critical strike rating by 7.   you haven't collected this appearance
515182,Shen'dralar Slicer,False,46,51,One-hand,INVTYPE_WEAPON,Weapon,One-Handed Swords,3,0,0,0,0,7,0,0,2.8,True,False,True,"Feralas 54.9, 48.2 [FADING]",shen'dralar slicer worldforged binds when picked up one-hand sword 72 - 108 damage speed 2.70 (33.3 damage per second) +7 agility requires level 46 item level 51 equip: improves critical strike rating by 7. equip: increases your armor penetration rating by 6.   you haven't collected this appearance
410196,Blackrock Hatchet,False,55,60,One-hand,INVTYPE_WEAPON,Weapon,One-Handed Axes,3,0,0,0,6,0,0,0,2.7,True,False,True,"Burning Steppes 40.6, 33.9 [CONFIRMED]",blackrock hatchet worldforged binds when picked up one-hand axe 77 - 117 damage speed 2.50 (38.9 damage per second) +5 stamina requires level 55 item level 60 equip: increases attack power by 9. equip: improves hit rating by 6. chance on hit: increases your melee haste rating by 10. stacks up to 3.   you haven't collected this appearance
515387,Molten Fang,False,54,59,One-hand,INVTYPE_WEAPON,Weapon,Daggers,3,0,0,0,6,0,0,0,2.7,True,False,True,"Un'Goro Crater 49.0, 44.0 [CONFIRMED]",molten fang worldforged binds when picked up one-hand dagger 55 - 83 damage speed 1.80 (38.3 damage per second) +5 agility +6 stamina requires level 54 item level 59 equip: improves hit rating by 6. chance on hit: every 10th attack triggers a fiery attack dealing 76 to 95 fire damage.   you haven't collected this appearance
515614,Shahiar's Lost Horn,False,54,59,One-hand,INVTYPE_WEAPON,Weapon,Daggers,3,0,0,0,6,0,0,0,2.7,True,False,True,"Azshara 60.0, 66.0 [CONFIRMED]","shahiar's lost horn worldforged binds when picked up one-hand dagger 55 - 83 damage speed 1.80 (38.3 damage per second) +6 agility requires level 54 item level 59 equip: improves hit rating by 6. equip: increases your expertise rating by 6. chance on hit: torment the enemy, dealing 57 shadow damage plus an additional 15% damage for each of your damage over time effects on the target. ""felhound's are capable of regrowing their horns within a day if removed, but this lost horn seems to still contain a portion of shahiar's power.""   you haven't collected this appearance"
410179,Flamefist Claw,False,53,58,One-hand,INVTYPE_WEAPON,Weapon,Fist Weapons,3,0,0,0,6,0,0,0,2.7,True,False,True,"Burning Steppes 89.0, 35.0 [CONFIRMED]","flamefist claw worldforged binds when picked up one-hand fist weapon 75 - 113 damage speed 2.50 (37.6 damage per second) +6 agility +5 stamina requires level 53 item level 58 equip: improves hit rating by 6. chance on hit: sears your target, dealing 73 fire damage.   you haven't collected this appearance"
410127,Cryptfiend Fang,False,57,62,One-hand,INVTYPE_WEAPON,Weapon,Daggers,3,0,0,0,0,6,0,0,2.4,True,False,True,"Eastern Plaguelands 7.1, 32.6 [CONFIRMED]",cryptfiend fang worldforged binds when picked up one-hand dagger 54 - 82 damage speed 1.70 (40.2 damage per second) +6 agility +6 stamina requires level 57 item level 62 equip: improves critical strike rating by 6. chance on hit: increases your dodge rating by 25 for 8 sec.   you haven't collected this appearance
410205,Wyrmkin Shiv,False,56,61,One-hand,INVTYPE_WEAPON,Weapon,Daggers,3,0,0,0,0,6,0,0,2.4,True,False,True,"Burning Steppes 87.1, 60.1 [FADING]",wyrmkin shiv worldforged binds when picked up one-hand dagger 53 - 81 damage speed 1.70 (39.5 damage per second) +6 agility +6 stamina requires level 56 item level 61 equip: improves critical strike rating by 6. chance on hit: increases your melee haste rating by 10.   you haven't collected this appearance
410016,Northridge Hatchet,False,51,56,One-hand,INVTYPE_WEAPON,Weapon,One-Handed Axes,2,0,0,0,0,6,0,0,2.4,True,False,True,"Western Plaguelands 45.1, 34.0 [FADING]","northridge hatchet worldforged binds when picked up one-hand axe 61 - 93 damage speed 2.50 (30.9 damage per second) +6 agility requires level 51 item level 56 equip: increases your armor penetration rating by 6. equip: improves critical strike rating by 6. ""for cutting down trees!""   you haven't collected this appearance"
410181,Cinderstrike Mace,False,53,58,One-hand,INVTYPE_WEAPON,Weapon,One-Handed Maces,3,0,0,0,0,5,0,0,2.0,True,False,True,"Burning Steppes 84.3, 27.8 [FADING]","cinderstrike mace worldforged binds when picked up one-hand mace 78 - 118 damage speed 2.60 (37.6 damage per second) +5 strength +5 stamina requires level 53 item level 58 equip: improves critical strike rating by 5. chance on hit: engulf the target in flames, dealing 219 fire damage over 6 seconds.    you haven't collected this appearance"
1262811,Abomination Hook,False,58,63,One-hand,INVTYPE_WEAPON,Weapon,One-Handed Axes,3,0,0,0,0,0,0,0,0.0,True,False,True,"Western Plaguelands 80.2, 74.0 [FADING]",abomination hook worldforged binds when picked up one-hand axe 85 - 127 damage speed 2.60 (40.8 damage per second) +8 strength requires level 58 item level 63 equip: increases attack power by 13. equip: increases your armor penetration rating by 8.   you haven't collected this appearance
410057,Cursed Ritual Carver,False,58,63,One-hand,INVTYPE_WEAPON,Weapon,Daggers,3,0,0,0,0,0,0,0,0.0,True,False,True,"Silithus 26.1, 36.0 [CONFIRMED]",cursed ritual carver worldforged binds when picked up one-hand dagger 55 - 84 damage speed 1.70 (40.8 damage per second) +4 agility +4 stamina requires level 58 item level 63 equip: increases your expertise rating by 5. equip: increases attack power by 7. chance on hit: inflicts 57 shadowflame damage.   you haven't collected this appearance
410151,Adon's Second Blade,False,57,62,One-hand,INVTYPE_WEAPON,Weapon,One-Handed Swords,3,0,0,0,0,0,0,0,0.0,True,False,True,"Eastern Plaguelands 53.5, 12.0 [CONFIRMED]",adon's second blade worldforged binds when picked up one-hand sword 80 - 121 damage speed 2.50 (40.2 damage per second) +9 agility requires level 57 item level 62 equip: increases attack power by 13. equip: increases your expertise rating by 10.   you haven't collected this appearance
410106,Winterfall Dagger,False,57,62,One-hand,INVTYPE_WEAPON,Weapon,Daggers,3,0,0,0,0,0,0,0,0.0,True,False,True,"Winterspring 67.0, 36.0 [CONFIRMED]",winterfall dagger worldforged binds when picked up one-hand dagger 57 - 87 damage speed 1.80 (40.2 damage per second) +6 agility +6 stamina requires level 57 item level 62 equip: increases attack power by 9. chance on hit: increases your attack power by 20 for 8 sec.   you haven't collected this appearance
410195,Blackrock Side Blade,False,56,61,One-hand,INVTYPE_WEAPON,Weapon,One-Handed Swords,3,0,0,0,0,0,0,0,0.0,True,False,True,"Burning Steppes 43.2, 55.0 [FADING]",blackrock side blade worldforged binds when picked up one-hand sword 78 - 119 damage speed 2.50 (39.5 damage per second) +8 agility +8 stamina requires level 56 item level 61 equip: increases your expertise rating by 10.   you haven't collected this appearance
410093,Aurorawhirl Pick,False,55,60,One-hand,INVTYPE_WEAPON,Weapon,One-Handed Axes,3,0,0,0,0,0,0,0,0.0,True,False,True,"Winterspring 53.1, 50.0 [FADING]",aurorawhirl pick worldforged binds when picked up one-hand axe 81 - 122 damage speed 2.60 (38.9 damage per second) +5 strength +5 stamina requires level 55 item level 60 equip: increases your expertise rating by 6. chance on hit: deals 55 frost damage and slows the target for 10% for 3 seconds.   you haven't collected this appearance
410033,Graveyard Striker,False,55,60,One-hand,INVTYPE_WEAPON,Weapon,Daggers,3,0,0,0,0,0,0,0,0.0,True,False,True,"Western Plaguelands 59.5, 52.4 [CONFIRMED]",graveyard striker worldforged binds when picked up one-hand dagger 56 - 84 damage speed 1.80 (38.9 damage per second) +6 agility requires level 55 item level 60 equip: increases attack power by 8. equip: increases your expertise rating by 6. equip: physical periodic damage has a chance to inflict 47 additional plague damage.   you haven't collected this appearance
410110,Hunter's Knife,False,55,60,One-hand,INVTYPE_WEAPON,Weapon,Daggers,3,0,0,0,0,0,0,0,0.0,True,False,True,"Winterspring 62.5, 47.9 [FADING]",hunter's knife worldforged binds when picked up one-hand dagger 56 - 84 damage speed 1.80 (38.9 damage per second) +8 agility +8 stamina requires level 55 item level 60 equip: increases attack power by 12.   you haven't collected this appearance
515413,Spring Shard,False,54,59,One-hand,INVTYPE_WEAPON,Weapon,Daggers,2,0,0,0,0,0,0,0,0.0,True,False,True,"Un'Goro Crater 40.9, 49.8 [FADING]",spring shard worldforged binds when picked up one-hand dagger 47 - 70 damage speed 1.80 (32.5 damage per second) +7 agility +6 stamina requires level 54 item level 59 equip: increases your dodge rating by 7.   you haven't collected this appearance
410226,Blackbreach Handaxe,False,53,58,One-hand,INVTYPE_WEAPON,Weapon,One-Handed Axes,3,0,0,0,0,0,0,0,0.0,True,False,True,"Blackrock Mountain 50.0, 30.0 [CONFIRMED]; Upper Blackrock Mountain 50.6, 29.8 [FADING]",blackbreach handaxe worldforged binds when picked up one-hand axe 78 - 118 damage speed 2.60 (37.6 damage per second) +5 stamina requires level 53 item level 58 equip: increases attack power by 8. equip: increases your armor penetration rating by 5. equip: increases spell damage against elementals by 30.   you haven't collected this appearance
515632,Hand of the Cliffs,False,52,57,One-hand,INVTYPE_WEAPON,Weapon,One-Handed Maces,3,0,0,0,0,0,0,0,0.0,True,False,True,"Azshara 74.4, 25.9 [STALE]",hand of the cliffs worldforged binds when picked up one-hand mace 77 - 116 damage speed 2.60 (37.0 damage per second) +7 agility +7 stamina requires level 52 item level 57 chance on hit: ground erupts under the target for 86 physical damage.   you haven't collected this appearance
515343,Rotwood Sabre,False,52,57,One-hand,INVTYPE_WEAPON,Weapon,One-Handed Swords,3,0,0,0,0,0,0,0,0.0,True,False,True,"Felwood 43.0, 14.7 [FADING]",rotwood sabre worldforged binds when picked up one-hand sword 53 - 81 damage speed 1.80 (37.0 damage per second) +7 strength +7 stamina requires level 52 item level 57 equip: increases your parry rating by 9.   you haven't collected this appearance
354283,Vuna'thell,False,52,57,One-hand,INVTYPE_WEAPON,Weapon,One-Handed Swords,3,0,0,0,0,0,0,0,0.0,True,False,True,"Azshara 58.3, 52.9 [CONFIRMED]",vuna'thell worldforged binds when picked up one-hand sword 77 - 116 damage speed 2.60 (37.0 damage per second) +5 strength +5 stamina requires level 52 item level 57 equip: increases attack power by 8. chance on hit: an arcane surge strikes in an area around the wielder for 66 arcane damage.   you haven't collected this appearance
515400,Tawana's Spare Axe,False,51,56,One-hand,INVTYPE_WEAPON,Weapon,One-Handed Axes,3,0,0,0,0,0,0,0,0.0,True,False,True,"Un'Goro Crater 72.9, 51.8 [CONFIRMED]",tawana's spare axe worldforged binds when picked up one-hand axe 46 - 70 damage speed 1.60 (36.4 damage per second) +7 agility +7 stamina requires level 51 item level 56 equip: increases attack power by 11.   you haven't collected this appearance
515295,Charred Slicer,False,50,55,One-hand,INVTYPE_WEAPON,Weapon,One-Handed Swords,3,0,0,0,0,0,0,0,0.0,True,False,True,"Blasted Lands 48.0, 30.0 [FADING]",charred slicer worldforged binds when picked up one-hand sword 77 - 117 damage speed 2.70 (35.8 damage per second) +5 agility +5 stamina requires level 50 item level 55 equip: increases your expertise rating by 5. chance on hit: hurls a burning shadow ball that causes 41 shadowflame damage and an additional 30 every 2 sec damage over 6 sec.   you haven't collected this appearance
515731,Vilebranch Ritual Dagger,False,50,55,One-hand,INVTYPE_WEAPON,Weapon,Daggers,3,0,0,0,0,0,0,0,0.0,True,False,True,"The Hinterlands 60.0, 78.0 [CONFIRMED]",vilebranch ritual dagger worldforged binds when picked up one-hand dagger 45 - 69 damage speed 1.60 (35.8 damage per second) +5 agility +5 stamina requires level 50 item level 55 equip: increases attack power by 7. equip: dealing damage to a target below 35% health has a chance to apply a clean cut causing 31 physical damage every second for 6 seconds.   you haven't collected this appearance
515631,Ruinbreaker,False,49,54,One-hand,INVTYPE_WEAPON,Weapon,One-Handed Axes,3,0,0,0,0,0,0,0,0.0,True,False,True,"Azshara 28.6, 81.3 [CONFIRMED]","ruinbreaker worldforged binds when picked up one-hand axe 70 - 106 damage speed 2.50 (35.1 damage per second) +4 strength +5 stamina requires level 49 item level 54 equip: increases your armor penetration rating by 5. chance on hit: your attacks now ignore 5% of targets armor for 12 seconds.    you haven't collected this appearance"
515196,Ravenwind Fangblade,False,48,53,One-hand,INVTYPE_WEAPON,Weapon,Daggers,3,0,0,0,0,0,0,0,0.0,True,False,True,"Feralas 44.3, 10.1 [CONFIRMED]","ravenwind fangblade worldforged binds when picked up one-hand dagger 50 - 75 damage speed 1.80 (34.7 damage per second) +5 stamina requires level 48 item level 53 equip: increases attack power by 7. equip: increases your armor penetration rating by 5. chance on hit: invoke the ravenwind, causing an additional 172 nature damage.   you haven't collected this appearance"
515712,Sludge Hammer,False,48,53,One-hand,INVTYPE_WEAPON,Weapon,One-Handed Maces,3,0,0,0,0,0,0,0,0.0,True,False,True,"The Hinterlands 58.9, 43.1 [CONFIRMED]","sludge hammer worldforged binds when picked up one-hand mace 72 - 108 damage speed 2.60 (34.6 damage per second) +6 strength +6 stamina requires level 48 item level 53 chance on hit: cause a slimeburst, dealing 21 nature damage to nearby enemies.   you haven't collected this appearance"
515769,Venom-Infused Screwdriver,False,48,53,One-hand,INVTYPE_WEAPON,Weapon,Daggers,3,0,0,0,0,0,0,0,0.0,True,False,True,"The Noxious Lair 56.1, 12.3 [CONFIRMED]",venom-infused screwdriver worldforged binds when picked up one-hand dagger 39 - 58 damage speed 1.40 (34.6 damage per second) +6 agility +6 stamina requires level 48 item level 53 equip: your melee attacks to have a chance to poison your target dealing 25 nature damage every 3 seconds for 15 seconds.   you haven't collected this appearance
515775,Carapace Carver,False,46,51,One-hand,INVTYPE_WEAPON,Weapon,Daggers,3,0,0,0,0,0,0,0,0.0,True,False,True,"Tanaris 50.3, 69.5 [FADING]",carapace carver worldforged binds when picked up one-hand dagger 45 - 68 damage speed 1.70 (33.2 damage per second) +7 agility requires level 46 item level 51 equip: increases your armor penetration rating by 6. equip: increases your expertise rating by 7.   you haven't collected this appearance
354464,Volkmar's Enchanting Rod,False,58,63,Ranged,INVTYPE_RANGEDRIGHT,Weapon,Wands,3,6,7,0,5,0,0,0,13.85,True,False,True,"Deadwind Pass 50.0, 74.8 [CONFIRMED]","volkmar's enchanting rod worldforged binds when picked up ranged wand 76 - 115 shadow damage speed 1.50 (63.6 damage per second) +7 intellect requires level 58 item level 63 equip: increases spell power by 6. equip: improves hit rating by 5. ""marked by indecipherable runes.""   you haven't collected this appearance"
410175,Deathwhisper Wand,False,56,61,Ranged,INVTYPE_RANGEDRIGHT,Weapon,Wands,3,9,0,0,7,0,0,0,12.15,True,False,True,"Eastern Plaguelands 18.9, 31.2 [FADING]",deathwhisper wand worldforged binds when picked up ranged wand 82 - 125 shadow damage speed 1.70 (61.1 damage per second) requires level 56 item level 61 equip: increases spell power by 9. equip: improves hit rating by 7.   you haven't collected this appearance
410230,Searwind Wand,False,51,56,Ranged,INVTYPE_RANGEDRIGHT,Weapon,Wands,3,5,6,0,5,0,0,0,12.05,True,False,True,"Burning Steppes 87.0, 55.2 [FADING]",searwind wand worldforged binds when picked up ranged wand 74 - 112 nature damage speed 1.70 (54.8 damage per second) +6 intellect requires level 51 item level 56 equip: improves hit rating by 5. equip: increases spell power by 5.   you haven't collected this appearance
410042,Wand of Twilight,False,60,65,Ranged,INVTYPE_RANGEDRIGHT,Weapon,Wands,3,6,7,0,0,0,0,0,11.6,True,False,True,"Silithus 64.5, 26.8 [FADING]",wand of twilight worldforged binds when picked up ranged wand 89 - 135 holy damage speed 1.70 (66.1 damage per second) +7 intellect requires level 60 item level 65 equip: increases spell penetration by 6. equip: increases spell power by 6.   you haven't collected this appearance
410021,Burning Judgement,False,55,60,Ranged,INVTYPE_RANGEDRIGHT,Weapon,Wands,3,6,7,0,0,0,6,0,11.6,True,False,True,"Western Plaguelands 42.0, 19.0 [FADING]",burning judgement worldforged binds when picked up ranged wand 76 - 115 holy damage speed 1.60 (59.8 damage per second) +7 intellect +6 spirit requires level 55 item level 60 equip: increases spell power by 6.   you haven't collected this appearance
410204,Burnscorch Wand,False,53,58,Ranged,INVTYPE_RANGEDRIGHT,Weapon,Wands,3,6,6,0,0,0,6,0,10.8,True,False,True,"Burning Steppes 63.0, 48.8 [FADING]",burnscorch wand worldforged binds when picked up ranged wand 73 - 111 fire damage speed 1.60 (57.3 damage per second) +6 intellect +6 spirit requires level 53 item level 58 equip: increases spell power by 6.   you haven't collected this appearance
515395,Gorishi Antenna,False,53,58,Ranged,INVTYPE_RANGEDRIGHT,Weapon,Wands,3,6,6,0,0,0,0,0,10.8,True,False,True,"The Slithering Scar 45.2, 86.8 [CONFIRMED]",gorishi antenna worldforged binds when picked up ranged wand 69 - 103 nature damage speed 1.50 (57.3 damage per second) +4 stamina +6 intellect requires level 53 item level 58 equip: increases spell power by 6.   you haven't collected this appearance
515633,Elune's Glow,False,51,56,Ranged,INVTYPE_RANGED,Weapon,Bows,3,5,5,0,0,0,0,0,9.0,True,False,True,"Azshara 49.0, 46.6 [CONFIRMED]","elune's glow worldforged binds when picked up ranged bow 78 - 118 damage speed 2.80 (35.0 damage per second) +5 intellect requires level 51 item level 56 equip: increases spell power by 5. chance on hit: fire a volley of arrows, dealing 52 arcane damage to up to 5 nearby targets.   you haven't collected this appearance"
515733,Wand of the Broodbound,False,50,55,Ranged,INVTYPE_RANGEDRIGHT,Weapon,Wands,4,5,5,0,0,0,0,0,9.0,True,False,True,"The Hinterlands 58.0, 87.0 [CONFIRMED]","wand of the broodbound worldforged binds when picked up ranged wand 83 - 126 nature damage speed 1.70 (61.6 damage per second) +5 intellect requires level 50 item level 55 equip: increases spell power by 5. ""resonates with the faint heartbeat of an ancient evil.""   you haven't collected this appearance"
515619,Azure Will,False,51,56,Ranged,INVTYPE_RANGEDRIGHT,Weapon,Wands,3,5,0,4,0,0,5,0,7.6,True,False,True,"Azshara 42.5, 84.0 [FADING]",azure will worldforged binds when picked up ranged wand 79 - 119 frost damage speed 1.80 (54.8 damage per second) +5 spirit requires level 51 item level 56 equip: increases spell power by 5. equip: improves haste rating by 4.   you haven't collected this appearance
515324,Infernal Tender,False,51,56,Ranged,INVTYPE_RANGEDRIGHT,Weapon,Wands,3,5,0,0,4,0,0,0,6.8,True,False,True,"Felwood 41.1, 41.1 [FADING]",infernal tender worldforged binds when picked up ranged wand 79 - 119 fire damage speed 1.80 (54.8 damage per second) +4 stamina requires level 51 item level 56 equip: increases spell power by 5. equip: improves hit rating by 4.   you haven't collected this appearance
515263,Dark Iron Scorcher,False,46,51,Ranged,INVTYPE_RANGEDRIGHT,Weapon,Wands,3,5,0,0,4,0,0,0,6.8,True,False,True,"Searing Gorge 55.0, 48.0 [CONFIRMED]",dark iron scorcher worldforged binds when picked up ranged wand 58 - 87 fire damage speed 1.50 (48.3 damage per second) +4 stamina requires level 46 item level 51 equip: increases spell power by 5. equip: improves hit rating by 4.   you haven't collected this appearance
515781,Hazzali Antenna,False,47,52,Ranged,INVTYPE_RANGEDRIGHT,Weapon,Wands,3,0,5,3,0,0,5,0,5.95,True,False,True,"The Gaping Chasm 71.2, 26.2 [FADING]",hazzali antenna worldforged binds when picked up ranged wand 60 - 90 nature damage speed 1.50 (50.0 damage per second) +5 intellect +5 spirit requires level 47 item level 52 equip: improves haste rating by 3.   you haven't collected this appearance
410117,Starfall Longbow,False,59,64,Ranged,INVTYPE_RANGED,Weapon,Bows,3,0,7,0,0,0,0,0,5.6,True,False,True,"Winterspring 64.0, 68.9 [CONFIRMED]",starfall longbow worldforged binds when picked up ranged bow 82 - 124 damage speed 2.60 (39.4 damage per second) +5 agility +7 intellect requires level 59 item level 64 equip: increases attack power by 7. chance on hit: cause 84 to 94 arcane damage.   you haven't collected this appearance
410119,The Leaping Arc,False,59,64,Ranged,INVTYPE_RANGEDRIGHT,Weapon,Wands,3,0,7,0,0,0,0,0,5.6,True,False,True,"Winterspring 61.1, 69.5 [CONFIRMED]",the leaping arc worldforged binds when picked up ranged wand 109 - 164 arcane damage speed 2.10 (64.8 damage per second) +5 stamina +7 intellect requires level 59 item level 64 equip: increases spell penetration by 6.   you haven't collected this appearance
410158,Blight Bomber,False,58,63,Ranged,INVTYPE_RANGED,Weapon,Bows,4,0,7,0,0,0,0,0,5.6,True,False,True,"Eastern Plaguelands 22.2, 68.1 [FADING]",blight bomber worldforged binds when picked up ranged bow 111 - 166 damage speed 3.10 (44.7 damage per second) +7 intellect requires level 58 item level 63 equip: increases attack power by 8. chance on hit: call forth plaguehounds to attack your target.   you haven't collected this appearance
410070,Lost Cenarion Bolter,False,58,63,Ranged,INVTYPE_RANGEDRIGHT,Weapon,Crossbows,3,0,7,0,0,0,0,0,5.6,True,False,True,"Silithus 55.1, 48.0 [CONFIRMED]",lost cenarion bolter worldforged binds when picked up ranged crossbow 87 - 131 damage speed 2.80 (38.9 damage per second) +5 agility +7 intellect requires level 58 item level 63 equip: increases attack power by 7.   you haven't collected this appearance
410208,Ashendawn Bow,False,52,57,Ranged,INVTYPE_RANGED,Weapon,Bows,3,0,0,4,0,0,0,0,2.6,True,False,True,"Burning Steppes 88.8, 23.0 [FADING]",ashendawn bow worldforged binds when picked up ranged bow 73 - 111 damage speed 2.60 (35.5 damage per second) +4 agility +4 stamina requires level 52 item level 57 equip: improves haste rating by 4.   you haven't collected this appearance
410071,Sandstone Sniper,False,54,59,Ranged,INVTYPE_RANGED,Weapon,Bows,3,0,0,0,3,3,0,0,2.55,True,False,True,"Silithus 69.3, 43.3 [CONFIRMED]",sandstone sniper worldforged binds when picked up ranged bow 79 - 119 damage speed 2.70 (36.7 damage per second) +3 agility requires level 54 item level 59 equip: improves hit rating by 3. equip: improves critical strike rating by 3. chance on hit: shoot a poisoned arrow dealing 97 nature damage and 23 nature damage over 10 seconds.   you haven't collected this appearance
354462,Shorean's Ironwood Longbow,False,58,63,Ranged,INVTYPE_RANGED,Weapon,Bows,3,0,0,0,0,5,0,0,2.0,True,False,True,"Deadwind Pass 42.7, 74.5 [FADING]","shorean's ironwood longbow worldforged binds when picked up ranged bow 84 - 127 damage speed 2.70 (38.9 damage per second) +5 agility +5 stamina requires level 58 item level 63 equip: improves critical strike rating by 5. ""a bow pulled from the pages of a book""   you haven't collected this appearance"
410066,Sandreaver Longbow,False,57,62,Ranged,INVTYPE_RANGED,Weapon,Bows,3,0,0,0,0,5,0,0,2.0,True,False,True,"Silithus 20.3, 20.6 [FADING]",sandreaver longbow worldforged binds when picked up ranged bow 83 - 124 damage speed 2.70 (38.3 damage per second) +5 stamina requires level 57 item level 62 equip: increases attack power by 7. equip: improves critical strike rating by 5.   you haven't collected this appearance
217850,Fel Infused Rifle,False,55,60,Ranged,INVTYPE_RANGEDRIGHT,Weapon,Guns,3,0,0,0,0,5,0,0,2.0,False,False,True,,fel infused rifle binds when picked up ranged gun 74 - 111 damage speed 2.80 (33.0 damage per second) +3 agility requires level 51 item level 49 equip: increases attack power by 5. equip: improves critical strike rating by 4. equip: improves your resilience rating by 16.   you haven't collected this appearance
515366,Lost Fighter's Crossbow,False,51,56,Ranged,INVTYPE_RANGEDRIGHT,Weapon,Crossbows,2,0,0,0,4,0,0,0,1.8,True,False,True,"Un'Goro Crater 45.9, 14.1 [FADING]",lost fighter's crossbow worldforged binds when picked up ranged crossbow 47 - 71 damage speed 2.00 (29.7 damage per second) +3 stamina requires level 51 item level 56 equip: increases attack power by 5. equip: improves hit rating by 4.   you haven't collected this appearance
515203,Night Sentinel's Aim,False,47,52,Ranged,INVTYPE_RANGED,Weapon,Bows,3,0,0,0,4,0,0,0,1.8,True,False,True,"Feralas 52.1, 28.1 [FADING]",night sentinel's aim worldforged binds when picked up ranged bow 73 - 110 damage speed 2.80 (32.7 damage per second) +4 agility requires level 47 item level 52 equip: improves hit rating by 4. equip: increases attack power by 5.   you haven't collected this appearance
410170,Ravenridge Shotgun,False,54,59,Ranged,INVTYPE_RANGEDRIGHT,Weapon,Guns,3,0,0,0,0,4,0,0,1.6,True,False,True,"Eastern Plaguelands 74.1, 58.8 [CONFIRMED]",ravenridge shotgun worldforged binds when picked up ranged gun 76 - 115 damage speed 2.60 (36.7 damage per second) +4 agility +4 stamina requires level 54 item level 59 equip: improves critical strike rating by 4.   you haven't collected this appearance
410091,Snowtalon Crossbow,False,54,59,Ranged,INVTYPE_RANGEDRIGHT,Weapon,Crossbows,3,0,0,0,0,4,0,0,1.6,True,False,True,"Winterspring 67.2, 51.1 [FADING]",snowtalon crossbow worldforged binds when picked up ranged crossbow 82 - 124 damage speed 2.80 (36.7 damage per second) +4 strength +4 stamina requires level 54 item level 59 equip: improves critical strike rating by 4.   you haven't collected this appearance
515404,Jungle String Bow,False,52,57,Ranged,INVTYPE_RANGED,Weapon,Bows,3,0,0,0,0,4,0,0,1.6,True,False,True,"Un'Goro Crater 63.3, 81.6 [CONFIRMED]",jungle string bow worldforged binds when picked up ranged bow 82 - 124 damage speed 2.90 (35.5 damage per second) +4 agility +4 stamina requires level 52 item level 57 equip: improves critical strike rating by 4.   you haven't collected this appearance
354522,Draenic Longbow,False,50,55,Ranged,INVTYPE_RANGED,Weapon,Bows,2,0,0,0,0,4,0,0,1.6,True,False,True,"Blasted Lands 55.5, 32.2 [CONFIRMED]",draenic longbow worldforged binds when picked up ranged bow 61 - 92 damage speed 2.60 (29.3 damage per second) +4 agility requires level 50 item level 55 equip: improves critical strike rating by 4.   you haven't collected this appearance
410233,Scarlet Blunderbuss,False,52,57,Ranged,INVTYPE_RANGEDRIGHT,Weapon,Guns,3,0,0,0,3,0,0,0,1.35,True,False,True,"Western Plaguelands 40.7, 52.1 [CONFIRMED]",scarlet blunderbuss worldforged binds when picked up ranged gun 73 - 111 damage speed 2.60 (35.5 damage per second) +3 stamina requires level 52 item level 57 equip: increases attack power by 4. equip: improves hit rating by 3. chance on hit: fire a blessed shell dealing 87 to 92 holy damage.   you haven't collected this appearance
515801,The Wingman,False,48,53,Ranged,INVTYPE_RANGEDRIGHT,Weapon,Guns,3,0,0,0,3,0,0,0,1.35,True,False,True,"Tanaris 57.1, 91.1 [FADING]",the wingman worldforged binds when picked up ranged gun 75 - 112 damage speed 2.80 (33.4 damage per second) +3 agility requires level 48 item level 53 equip: improves hit rating by 3. equip: increases attack power by 4. chance on hit: increases your pets attack power by 20.   you haven't collected this appearance
515340,Acid Bolter,False,47,52,Ranged,INVTYPE_RANGEDRIGHT,Weapon,Crossbows,3,0,0,0,3,0,0,0,1.35,True,False,True,"Felwood 48.7, 84.8 [CONFIRMED]",acid bolter worldforged binds when picked up ranged crossbow 79 - 118 damage speed 3.00 (32.8 damage per second) +3 agility requires level 47 item level 52 equip: increases attack power by 4. equip: improves hit rating by 3. chance on hit: shoot an acid dipped bolt dealing 52 to 58 nature damage.   you haven't collected this appearance
410199,Charblaze Rifle,False,55,60,Ranged,INVTYPE_RANGEDRIGHT,Weapon,Guns,3,0,0,0,0,3,0,0,1.2,True,False,True,"Burning Steppes 44.3, 43.7 [FADING]","charblaze rifle worldforged binds when picked up ranged gun 80 - 121 damage speed 2.70 (37.2 damage per second) +3 stamina requires level 55 item level 60 equip: increases attack power by 5. equip: improves critical strike rating by 3. chance on hit: overheats the barrel, causing your ranged autoattacks to deal 8% additional damage as fire, but reduces your ranged attack speed by 15% for 6 sec.   you haven't collected this appearance"
410019,Sentinel Sharpshooter,False,55,60,Ranged,INVTYPE_RANGEDRIGHT,Weapon,Crossbows,3,0,0,0,0,3,0,0,1.2,True,False,True,"Western Plaguelands 48.2, 23.0 [CONFIRMED]","sentinel sharpshooter worldforged binds when picked up ranged crossbow 83 - 126 damage speed 2.80 (37.2 damage per second) +3 strength +3 agility requires level 55 item level 60 equip: improves critical strike rating by 3. equip: you have a chance when you miss a ranged attack to increase your hit rating by 20 for 15 seconds, stacking 3 times.   you haven't collected this appearance"
410098,Snowstalker Rifle,False,58,63,Ranged,INVTYPE_RANGEDRIGHT,Weapon,Guns,3,0,0,0,0,0,0,0,0.0,True,False,True,"Winterspring 50.8, 17.8 [FADING]",snowstalker rifle worldforged binds when picked up ranged gun 81 - 122 damage speed 2.60 (38.9 damage per second) +4 agility requires level 58 item level 63 equip: increases attack power by 7. chance on hit: increases your armor penetration rating by 20 for 10 sec.   you haven't collected this appearance
410201,Obsidian Boltthrower,False,55,60,Ranged,INVTYPE_RANGEDRIGHT,Weapon,Crossbows,3,0,0,0,0,0,0,0,0.0,True,False,True,"Burning Steppes 66.0, 21.9 [CONFIRMED]",obsidian boltthrower worldforged binds when picked up ranged crossbow 80 - 121 damage speed 2.70 (37.2 damage per second) +4 agility +5 stamina requires level 55 item level 60 equip: increases your armor penetration rating by 4.   you haven't collected this appearance
410046,Trigdy's Pistol,False,55,60,Ranged,INVTYPE_RANGEDRIGHT,Weapon,Guns,4,0,0,0,0,0,0,0,0.0,True,False,True,"Silithus 54.4, 25.1 [CONFIRMED]",trigdy's pistol worldforged binds when picked up ranged gun 88 - 134 damage speed 2.60 (42.8 damage per second) +5 agility +5 stamina requires level 55 item level 60 chance on hit: increases your ranged haste rating by 500 for 3 sec.   you haven't collected this appearance
410138,Scarlet Crossbow,False,53,58,Ranged,INVTYPE_RANGEDRIGHT,Weapon,Crossbows,3,0,0,0,0,0,0,0,0.0,True,False,True,"Eastern Plaguelands 71.3, 75.8 [FADING]",scarlet crossbow worldforged binds when picked up ranged crossbow 81 - 121 damage speed 2.80 (36.1 damage per second) +4 agility +4 stamina requires level 53 item level 58 equip: ranged attack power against undead is increased by 30.   you haven't collected this appearance
410075,Brigade Blunderbuss,False,51,56,Ranged,INVTYPE_RANGEDRIGHT,Weapon,Guns,2,0,0,0,0,0,0,0,0.0,True,False,True,"Silithus 26.2, 55.1 [CONFIRMED]",brigade blunderbuss worldforged binds when picked up ranged gun 61 - 93 damage speed 2.60 (29.7 damage per second) +3 strength +3 stamina requires level 51 item level 56 equip: increases defense rating by 3.   you haven't collected this appearance
354523,Felshot,False,50,55,Ranged,INVTYPE_RANGEDRIGHT,Weapon,Guns,3,0,0,0,0,0,0,0,0.0,True,False,True,"Blasted Lands 48.0, 53.0 [CONFIRMED]",felshot worldforged binds when picked up ranged gun 74 - 112 damage speed 2.70 (34.4 damage per second) +5 stamina requires level 50 item level 55 equip: increases attack power by 8.   you haven't collected this appearance
515729,Highnest Repeater,False,50,55,Ranged,INVTYPE_RANGEDRIGHT,Weapon,Crossbows,3,0,0,0,0,0,0,0,0.0,True,False,True,"The Hinterlands 67.6, 80.0 [FADING]",highnest repeater worldforged binds when picked up ranged crossbow 82 - 124 damage speed 3.00 (34.4 damage per second) +4 stamina requires level 50 item level 55 equip: increases attack power by 6. equip: increases your armor penetration rating by 4.   you haven't collected this appearance
515354,Dinosaur Tranquilizer,False,48,53,Ranged,INVTYPE_RANGEDRIGHT,Weapon,Guns,3,0,0,0,0,0,0,0,0.0,True,False,True,"Un'Goro Crater 70.2, 84.1 [FADING]","dinosaur tranquilizer worldforged binds when picked up ranged gun 72 - 108 damage speed 2.70 (33.3 damage per second) +3 strength +4 agility +4 stamina requires level 48 item level 53 ""it makes them sleep forever.""   you haven't collected this appearance"
515625,Markri Turret,False,48,53,Ranged,INVTYPE_RANGEDRIGHT,Weapon,Crossbows,3,0,0,0,0,0,0,0,0.0,True,False,True,"Azshara 40.0, 46.5 [CONFIRMED]","markri turret worldforged binds when picked up ranged crossbow 77 - 116 damage speed 2.90 (33.3 damage per second) +3 agility +2 stamina requires level 48 item level 53 equip: increases attack power by 4. chance on hit: trigger elte rune, dealing 137 nature damage over 15 seconds. stacks up to 3 times. ""eldara inscribed markri runes onto weapons like this one to defend the city from attackers. the enchantments animating it have long since faded, but it looks to function similarly to a modern crossbow.""   you haven't collected this appearance"
515357,Marsh Shooter,False,48,53,Ranged,INVTYPE_RANGED,Weapon,Bows,2,0,0,0,0,0,0,0,0.0,True,False,True,"Un'Goro Crater 71.9, 74.5 [FADING]",marsh shooter worldforged binds when picked up ranged bow 57 - 85 damage speed 2.50 (28.4 damage per second) +3 agility +3 stamina requires level 48 item level 53 equip: increases attack power by 4.   you haven't collected this appearance
515259,Disciplinary Rifle,False,47,52,Ranged,INVTYPE_RANGEDRIGHT,Weapon,Guns,3,0,0,0,0,0,0,0,0.0,True,False,True,"Searing Gorge 49.0, 55.1 [FADING]",disciplinary rifle worldforged binds when picked up ranged gun 76 - 114 damage speed 2.90 (32.8 damage per second) +3 strength +4 stamina requires level 47 item level 52 equip: increases your expertise rating by 4.   you haven't collected this appearance
410073,Old God Carving,False,60,65,Relic,INVTYPE_RELIC,Armor,Totems,3,9,0,6,0,0,0,0,12.9,False,False,True,,old god carving worldforged binds when picked up relic totem requires level 60 item level 65 equip: increases spell power by 9. equip: improves haste rating by 6.
515033,Ghostflame Scripture,False,57,62,Relic,INVTYPE_RELIC,Armor,Librams,3,6,7,0,0,0,6,0,11.6,False,False,True,,ghostflame scripture worldforged binds when picked up relic libram +7 intellect +6 spirit +4 fire resistance +4 shadow resistance requires level 57 item level 62 equip: increases spell power by 6.
515305,Lost Faith,False,46,51,Relic,INVTYPE_RELIC,Armor,Librams,3,10,0,0,0,0,0,10,10.0,False,False,True,,"lost faith worldforged binds when picked up relic libram requires level 46 item level 51 equip: increases spell power by 10. equip: restores 10 mana per 5 sec. equip: healing with holy light or flash of light grants you a stack of finding faith increasing your haste rating by 4 for 15 seconds, stacking 3 times. ""the local wretched once followed the light, but with their bodies and minds broken, their teachings have long since been forgotten."""
515732,Libram of Resolute Light,False,50,55,Relic,INVTYPE_RELIC,Armor,Librams,3,7,0,0,0,6,0,0,9.4,False,False,True,,"libram of resolute light worldforged binds when picked up relic libram requires level 50 item level 55 equip: increases spell power by 7. equip: improves critical strike rating by 6. ""carried by a brave knight on a quest to cleanse the evil stirring within jintha’alor."""
410132,Mossflayer Lost Totem,False,55,60,Relic,INVTYPE_RELIC,Armor,Totems,3,8,0,0,0,0,8,0,8.0,False,False,True,,mossflayer lost totem worldforged binds when picked up relic totem +8 spirit requires level 55 item level 60 equip: increases spell power by 8.
515386,Totem of Scorching Sparks,False,54,59,Relic,INVTYPE_RELIC,Armor,Totems,2,8,0,0,0,0,0,0,8.0,False,False,True,,"totem of scorching sparks worldforged binds when picked up relic totem requires level 54 item level 59 equip: increases spell power by 8. equip: reduces the mana cost of flame shock by 40, and increases its direct damage by 40 and periodic damage by 8."
515717,Idol of the Aerie,False,46,51,Relic,INVTYPE_RELIC,Armor,Idols,3,8,0,0,0,0,0,0,8.0,False,False,True,,"idol of the aerie worldforged binds when picked up relic idol requires level 46 item level 51 equip: increases spell power by 8. equip: your rejuvenation ticks have a chance to sprout a lesser bloom on a nearby ally, restoring a small amount of health over 6 seconds."
515257,Steam Pressure Totem,False,47,52,Relic,INVTYPE_RELIC,Armor,Totems,3,0,7,0,0,0,0,0,5.6,False,False,True,,steam pressure totem worldforged binds when picked up relic totem +5 agility +7 intellect requires level 47 item level 52 equip: casting flame shock or lava burst while water shield is active causes you to consume a water shield orb and gain the mana for it.
410124,Libram of Amphibious Devotion,False,59,64,Relic,INVTYPE_RELIC,Armor,Librams,3,0,0,0,0,0,0,0,0.0,False,False,True,,libram of amphibious devotion worldforged binds when picked up relic libram requires level 59 item level 64 equip: you have a chance when dealing direct holy damage to douse the target dealing an additional 26 frost damage.
410229,Firebrand Libram,False,57,62,Relic,INVTYPE_RELIC,Armor,Librams,3,0,0,0,0,0,0,0,0.0,False,False,True,,"firebrand libram worldforged binds when picked up relic libram requires level 57 item level 62 equip: your judgement spells are infused with draconic flame, dealing an additional 100 fire damage over 6 seconds to the target."
410065,Idol of Shifting Sands,False,56,61,Relic,INVTYPE_RELIC,Armor,Idols,3,0,0,0,0,0,0,0,0.0,False,False,True,,idol of shifting sands worldforged binds when picked up relic idol requires level 56 item level 61 equip: increases your dodge rating by 7. equip: increases defense rating by 7.
515414,Libram of Ancient Warding,False,55,60,Relic,INVTYPE_RELIC,Armor,Librams,3,0,0,0,0,0,0,0,0.0,False,False,True,,libram of ancient warding worldforged binds when picked up relic libram requires level 55 item level 60 equip: increases the block value of your shield by 9. equip: judgements have a chance to increase your block rating by 30 for 12 sec.
410135,Idol of Breathing Life,False,54,59,Relic,INVTYPE_RELIC,Armor,Idols,3,0,0,0,0,0,0,0,0.0,False,False,True,,idol of breathing life worldforged binds when picked up relic idol requires level 54 item level 59 equip: casting remove curse and cure or abolish poison heals the target for 100.
410137,Scarlet Doctrine,False,54,59,Relic,INVTYPE_RELIC,Armor,Librams,3,0,0,0,0,0,0,0,0.0,False,False,True,,scarlet doctrine worldforged binds when picked up relic libram +6 strength requires level 54 item level 59 equip: judgement casts against undead creatures increase critical strike rating and haste rating by 14 for 8 sec.
410167,Ebonshadow Breeches,False,53,58,Relic,INVTYPE_RELIC,Armor,Totems,3,0,0,0,0,0,0,0,0.0,False,False,True,,ebonshadow breeches worldforged binds when picked up relic totem requires level 53 item level 58
515606,Idol of the Ocean's Depths,False,53,58,Relic,INVTYPE_RELIC,Armor,Idols,3,0,0,0,0,0,0,0,0.0,False,False,True,,idol of the ocean's depths worldforged binds when picked up relic idol requires level 53 item level 58 equip: direct healing on targets below 35% health restores 80 mana.
410079,Timbermaw Idol,False,53,58,Relic,INVTYPE_RELIC,Armor,Idols,3,0,0,0,0,0,0,0,0.0,False,False,True,,timbermaw idol worldforged binds when picked up relic idol requires level 53 item level 58 equip: casting enrage or berserk increases critical strike rating and dodge rating by 24 for 10 sec.
410088,Windsong Totem,False,53,58,Relic,INVTYPE_RELIC,Armor,Totems,3,0,0,0,0,0,0,0,0.0,False,False,True,,"windsong totem worldforged binds when picked up relic totem requires level 53 item level 58 equip: increases defense rating by 8. equip: dealing nature damage has a chance to increase threat generated by 3%, and increases armor by 300 for 12 sec."
515301,Ancient Dragonmaw Token,False,52,57,Relic,INVTYPE_RELIC,Armor,Totems,3,0,0,0,0,0,0,0,0.0,False,False,True,,"ancient dragonmaw token worldforged binds when picked up relic totem requires level 52 item level 57 use: breathe dragon fire on 5 targets in a cone in front of the caster take 115 fire damage.  (45 sec cooldown)"
410180,Darkflight Totem,False,52,57,Relic,INVTYPE_RELIC,Armor,Totems,3,0,0,0,0,0,0,0,0.0,False,False,True,,darkflight totem worldforged binds when picked up relic totem +6 fire resistance requires level 52 item level 57 equip: dealing periodic fire damage has a chance to increase your critical strike rating and haste rating by 12. lasts 8 seconds.
515369,Idol of the Terror Claw,False,52,57,Relic,INVTYPE_RELIC,Armor,Idols,2,0,0,0,0,0,0,0,0.0,False,False,True,,idol of the terror claw worldforged binds when picked up relic idol +5 agility requires level 52 item level 57 equip: increases the damage of claw and rake by 30 and the periodic damage of rake by 8.
278850,Lost Scout's Idol,False,52,57,Relic,INVTYPE_RELIC,Armor,Idols,3,0,0,0,0,0,0,0,0.0,False,False,True,,lost scout's idol worldforged binds when picked up relic idol requires level 52 item level 57 equip: your periodic nature effects have a chance to increase haste rating by 4. stacks 8 times. lasts 8 seconds.
278847,Libram of Remembrance,False,50,55,Relic,INVTYPE_RELIC,Armor,Librams,3,0,0,0,0,0,0,0,0.0,False,False,True,,libram of remembrance worldforged binds when picked up relic libram +6 stamina requires level 50 item level 55 equip: increases holy spell power by 10.
354277,Totem of Venc,False,49,54,Relic,INVTYPE_RELIC,Armor,Totems,3,0,0,0,0,0,0,0,0.0,False,False,True,,"totem of venc worldforged binds when picked up relic totem requires level 49 item level 54 equip: your stormstrike triggers chain storm, dealing 58 nature damage that chains to up to 2 other nearby creatures. each jump reduces the damage by 30%."
515767,Hivebreakers' Ward,False,48,53,Relic,INVTYPE_RELIC,Armor,Totems,3,0,0,0,0,0,0,0,0.0,False,False,True,,"hivebreakers' ward worldforged binds when picked up relic totem requires level 48 item level 53 equip: earth shock has a chance to  summon a hive swarm, dealing 38 nature damage every 2 seconds for 8 seconds. ""a faint hum speaks of a determined shaman’s last stand against the creeping silithid hordes."""
515314,Emerald Circle Charm,False,47,52,Relic,INVTYPE_RELIC,Armor,Idols,2,0,0,0,0,0,5,6,0.0,False,False,True,,emerald circle charm worldforged binds when picked up relic idol +5 spirit +3 fire resistance +3 shadow resistance requires level 47 item level 52 equip: restores 6 mana per 5 sec.
515372,Thunderstomp Scale,False,57,62,Shield,INVTYPE_SHIELD,Armor,Shields,3,11,12,0,0,0,0,0,20.6,True,False,True,"Un'Goro Crater 39.1, 75.1 [CONFIRMED]",thunderstomp scale worldforged binds when picked up off hand shield 1846 armor 45 block +8 stamina +12 intellect requires level 57 item level 62 equip: increases spell power by 11.   you haven't collected this appearance
410087,Excavator's Buckler,False,55,60,Shield,INVTYPE_SHIELD,Armor,Shields,3,10,12,0,0,0,0,0,19.6,True,False,True,"Winterspring 44.5, 33.2 [FADING]",excavator's buckler worldforged binds when picked up off hand shield 1793 armor 43 block +8 stamina +12 intellect requires level 55 item level 60 equip: increases spell power by 10.   you haven't collected this appearance
515620,Crystalized Shield,False,52,57,Shield,INVTYPE_SHIELD,Armor,Shields,3,9,10,0,0,0,0,0,17.0,True,False,True,"Azshara 53.9, 79.7 [CONFIRMED]",crystalized shield worldforged binds when picked up off hand shield 1713 armor 40 block +7 stamina +10 intellect requires level 52 item level 57 equip: increases spell power by 9.   you haven't collected this appearance
515197,Gilded Stone Bulwark,False,48,53,Shield,INVTYPE_SHIELD,Armor,Shields,3,9,10,0,0,0,8,0,17.0,True,False,True,"Feralas 40.9, 12.1 [FADING]",gilded stone bulwark worldforged binds when picked up off hand shield 1607 armor 31 block +10 intellect +8 spirit requires level 48 item level 53 equip: increases spell power by 9.   you haven't collected this appearance
515791,Ancient Wagon Wheel,False,47,52,Shield,INVTYPE_SHIELD,Armor,Shields,3,8,9,0,0,0,0,9,15.2,True,False,True,"Tanaris 59.0, 62.0 [CONFIRMED]","ancient wagon wheel worldforged binds when picked up off hand shield 1580 armor 30 block +9 intellect requires level 47 item level 52 equip: restores 9 mana per 5 sec. equip: increases spell power by 8. ""magic from the caverns has seeped deep into the wood, causing it to hum with quiet, timeless power.""   you haven't collected this appearance"
515736,Tiki Shield,False,46,51,Shield,INVTYPE_SHIELD,Armor,Shields,3,0,9,0,0,0,0,9,7.2,True,False,True,"The Hinterlands 62.2, 39.9 [CONFIRMED]",tiki shield worldforged binds when picked up off hand shield 1554 armor 30 block +6 stamina +9 intellect requires level 46 item level 51 equip: restores 9 mana per 5 sec.   you haven't collected this appearance
410023,Scarlet Shield,False,55,60,Shield,INVTYPE_SHIELD,Armor,Shields,3,0,0,0,6,0,0,0,2.7,True,False,True,"Western Plaguelands 44.0, 17.0 [FADING]",scarlet shield worldforged binds when picked up off hand shield 1793 armor 43 block +5 stamina requires level 55 item level 60 equip: increases defense rating by 6. equip: improves hit rating by 6. equip: increases spell damage against undead by 20.   you haven't collected this appearance
354146,Crimson Dragonscale,False,60,65,Shield,INVTYPE_SHIELD,Armor,Shields,4,0,0,0,0,0,0,0,0.0,True,False,True,"Wetlands 74.0, 69.0 [CONFIRMED]",crimson dragonscale worldforged binds when picked up off hand shield 2534 armor 56 block +10 stamina +13 fire resistance +13 shadow resistance requires level 60 item level 65 equip: increases your shield block rating by 13. equip: increases your dodge rating by 11.   you haven't collected this appearance
410153,Quel'thalas Commander Aegis,False,59,64,Shield,INVTYPE_SHIELD,Armor,Shields,3,0,0,0,0,0,0,0,0.0,True,False,True,"Eastern Plaguelands 48.1, 13.9 [FADING]",quel'thalas commander aegis worldforged binds when picked up off hand shield 1901 armor 47 block +5 strength +6 stamina requires level 59 item level 64 equip: increases defense rating by 6. equip: dodging an attack has a chance to increase block rating by 15 for 8 sec.   you haven't collected this appearance
354446,Bastion of the Fallen,False,58,63,Shield,INVTYPE_SHIELD,Armor,Shields,3,0,0,0,0,0,0,0,0.0,True,False,True,"Deadwind Pass 39.9, 72.0 [CONFIRMED]",bastion of the fallen worldforged binds when picked up off hand shield 1874 armor 46 block +7 shadow resistance requires level 58 item level 63 equip: increases the block value of your shield by 7. equip: increases your shield block rating by 7. equip: increases defense rating by 6. equip: taking damage from undead creatures has a chance to grant 350 armor and 35 shadow resistance.   you haven't collected this appearance
410063,Soldier's Bulwark,False,57,62,Shield,INVTYPE_SHIELD,Armor,Shields,3,0,0,0,0,0,0,0,0.0,True,False,True,"Silithus 44.1, 79.1 [FADING]",soldier's bulwark worldforged binds when picked up off hand shield 1846 armor 45 block +5 stamina requires level 57 item level 62 equip: increases defense rating by 6. equip: increases your shield block rating by 7. equip: whenever you block you have a chance to increase your block rating by 20 and block value by 30 for 15 seconds.   you haven't collected this appearance
515391,Campsite Shrapnel,False,54,59,Shield,INVTYPE_SHIELD,Armor,Shields,3,0,0,0,0,0,0,0,0.0,True,False,True,"Un'Goro Crater 68.2, 37.0 [CONFIRMED]",campsite shrapnel worldforged binds when picked up off hand shield 1882 armor 42 block +7 strength +8 stamina requires level 54 item level 59 equip: increases defense rating by 8.   you haven't collected this appearance
515336,Timbermaw Defender,False,54,59,Shield,INVTYPE_SHIELD,Armor,Shields,3,0,0,0,0,0,0,0,0.0,True,False,True,"Felwood 64.9, 8.0 [FADING]",timbermaw defender worldforged binds when picked up off hand shield 1767 armor 42 block +8 agility +8 stamina requires level 54 item level 59 equip: increases defense rating by 8.   you haven't collected this appearance
410190,Volcanic Aegis,False,53,58,Shield,INVTYPE_SHIELD,Armor,Shields,3,0,0,0,0,0,0,0,0.0,True,False,True,"Burning Steppes 61.2, 38.1 [CONFIRMED]",volcanic aegis worldforged binds when picked up off hand shield 1741 armor 41 block +7 strength +7 stamina +7 fire resistance requires level 53 item level 58 equip: increases defense rating by 8.   you haven't collected this appearance
515616,Scalebeard's Old Shell,False,52,57,Shield,INVTYPE_SHIELD,Armor,Shields,3,0,0,0,0,0,0,0,0.0,True,False,True,"Azshara 55.1, 48.2 [FADING]",scalebeard's old shell worldforged binds when picked up off hand shield 1713 armor 40 block +7 stamina requires level 52 item level 57 equip: increases your shield block rating by 9. equip: increases the block value of your shield by 7.   you haven't collected this appearance
515206,Buccaneer's Barrier,False,47,52,Shield,INVTYPE_SHIELD,Armor,Shields,3,0,0,0,0,0,0,0,0.0,True,False,True,"Feralas 49.1, 53.9 [FADING]",buccaneer's barrier worldforged binds when picked up off hand shield 1580 armor 30 block +6 stamina requires level 47 item level 52 equip: increases the block value of your shield by 7. equip: increases your shield block rating by 8.   you haven't collected this appearance
515282,Mo'arg Saw Shield,False,47,52,Shield,INVTYPE_SHIELD,Armor,Shields,3,0,0,0,0,0,0,0,0.0,True,False,True,"Blasted Lands 69.3, 11.8 [CONFIRMED]",mo'arg saw shield worldforged binds when picked up off hand shield 1580 armor 30 block +4 strength +4 stamina requires level 47 item level 52 equip: increases attack power by 6. equip: you have a chance when being hit by a melee or ranged attack to fling a buzzsaw at your target causing them to bleed for 52 damage every second for 3 seconds.   you haven't collected this appearance
515187,Strider Waist Piece,False,47,52,Shield,INVTYPE_SHIELD,Armor,Shields,3,0,0,0,0,0,0,0,0.0,True,False,True,"Feralas 37.3, 34.9 [FADING]",strider waist piece worldforged binds when picked up off hand shield 1580 armor 30 block +4 stamina requires level 47 item level 52 equip: increases the block value of your shield by 5. equip: increases defense rating by 5. equip: causes 15 physical damage to attackers.   you haven't collected this appearance
410090,Flattened Shoulderpad,False,53,58,Shoulders,INVTYPE_SHOULDER,Armor,Leather,3,12,13,8,0,0,12,0,27.6,True,False,True,"Winterspring 46.2, 37.0 [CONFIRMED]",flattened shoulderpad worldforged binds when picked up shoulder leather 114 armor +13 intellect +12 spirit requires level 53 item level 58 equip: increases spell power by 12. equip: improves haste rating by 8.   you haven't collected this appearance
410045,Infested Pauldrons,False,55,60,Shoulders,INVTYPE_SHOULDER,Armor,Mail,3,12,13,0,0,9,0,0,26.0,True,False,True,"Silithus 57.4, 13.6 [CONFIRMED]",infested pauldrons worldforged binds when picked up shoulder mail 248 armor +9 stamina +13 intellect requires level 55 item level 60 equip: increases spell power by 12. equip: improves critical strike rating by 9.   you haven't collected this appearance
410186,Charfall Mantle,False,52,57,Shoulders,INVTYPE_SHOULDER,Armor,Cloth,3,11,12,0,9,0,0,0,24.65,True,False,True,"Burning Steppes 81.8, 47.9 [CONFIRMED]",charfall mantle worldforged binds when picked up shoulder cloth 56 armor +8 stamina +12 intellect requires level 52 item level 57 equip: increases spell power by 11. equip: improves hit rating by 9.   you haven't collected this appearance
410112,Stormchill Spaulders,False,58,63,Shoulders,INVTYPE_SHOULDER,Armor,Mail,3,13,0,9,0,0,13,0,18.85,True,False,True,"Winterspring 53.0, 54.0 [CONFIRMED]",stormchill spaulders worldforged binds when picked up shoulder mail 260 armor +10 stamina +13 spirit requires level 58 item level 63 equip: increases spell power by 13. equip: improves haste rating by 9.   you haven't collected this appearance
515750,Watcher's Mantle,False,49,54,Shoulders,INVTYPE_SHOULDER,Armor,Cloth,3,13,0,0,0,10,13,0,17.0,True,False,True,"Tanaris 37.9, 81.4 [CONFIRMED]",watcher's mantle worldforged binds when picked up shoulder cloth 54 armor +13 spirit requires level 49 item level 54 equip: increases spell power by 13. equip: improves critical strike rating by 10.   you haven't collected this appearance
515703,Ooze Cleansed Shoulderpads,False,47,52,Shoulders,INVTYPE_SHOULDER,Armor,Cloth,3,0,14,0,0,10,0,0,15.2,True,False,True,"The Hinterlands 45.0, 42.1 [CONFIRMED]","ooze cleansed shoulderpads worldforged binds when picked up shoulder cloth 17 armor +9 stamina +14 intellect +9 nature resistance requires level 47 item level 52 equip: improves critical strike rating by 10. ""little remains of the body that once wore these pads, but the lingering magic woven into the tattered cloth still endures.""   you haven't collected this appearance"
354460,Pauldrons of Shadow,False,58,63,Shoulders,INVTYPE_SHOULDER,Armor,Mail,3,0,14,0,0,0,0,0,11.2,True,False,True,"Deadwind Pass 43.0, 45.5 [CONFIRMED]",pauldrons of shadow worldforged binds when picked up shoulder mail 260 armor +10 agility +10 stamina +14 intellect requires level 58 item level 63 equip: increases attack power by 15.   you haven't collected this appearance
515320,Silverhand Spaulders,False,51,56,Shoulders,INVTYPE_SHOULDER,Armor,Plate,3,10,0,0,0,0,0,0,10.0,True,False,True,"Felwood 38.6, 50.3 [CONFIRMED]",silverhand spaulders worldforged binds when picked up shoulder plate 404 armor +8 strength +9 stamina requires level 51 item level 56 equip: increases your holy spell power by 10.   you haven't collected this appearance
410222,Moltengore Spaulders,False,49,54,Shoulders,INVTYPE_SHOULDER,Armor,Leather,3,0,0,7,0,8,0,0,7.75,True,False,True,"Lower Blackrock Mountain 34.5, 65.2 [FADING]",moltengore spaulders worldforged binds when picked up shoulder leather 106 armor +8 stamina requires level 49 item level 54 equip: increases attack power by 12. equip: improves haste rating by 7. equip: improves critical strike rating by 8.   you haven't collected this appearance
515615,Deep Hydra's Scales,False,54,59,Shoulders,INVTYPE_SHOULDER,Armor,Mail,3,0,0,10,0,0,0,0,6.5,True,False,True,"Azshara 57.0, 52.0 [CONFIRMED]",deep hydra's scales worldforged binds when picked up shoulder mail 245 armor +10 strength +11 stamina requires level 54 item level 59 equip: improves haste rating by 10.   you haven't collected this appearance
515377,Serpent Spine Pauldrons,False,51,56,Shoulders,INVTYPE_SHOULDER,Armor,Leather,3,0,0,9,0,0,0,0,5.85,True,False,True,"Un'Goro Crater 80.0, 49.9 [CONFIRMED]",serpent spine pauldrons worldforged binds when picked up shoulder leather 110 armor +10 agility +10 stamina requires level 51 item level 56 equip: improves haste rating by 9.   you haven't collected this appearance
410026,Scarlet Pauldrons,False,53,58,Shoulders,INVTYPE_SHOULDER,Armor,Mail,3,0,0,8,0,0,0,0,5.2,True,False,True,"Western Plaguelands 45.0, 45.0 [CONFIRMED]",scarlet pauldrons worldforged binds when picked up shoulder mail 241 armor +8 strength +9 stamina requires level 53 item level 58 equip: increases attack power by 13. equip: improves haste rating by 8.   you haven't collected this appearance
410068,Scorpionscale Mantle,False,57,62,Shoulders,INVTYPE_SHOULDER,Armor,Leather,3,0,0,0,0,12,0,0,4.8,True,False,True,"Silithus 45.0, 92.5 [CONFIRMED]",scorpionscale mantle worldforged binds when picked up shoulder leather 121 armor +12 agility +12 stamina requires level 57 item level 62 equip: improves critical strike rating by 12.   you haven't collected this appearance
410031,Ghoul-Stitched Shoulders,False,50,55,Shoulders,INVTYPE_SHOULDER,Armor,Leather,3,0,0,7,0,0,0,0,4.55,True,False,True,"Western Plaguelands 31.0, 62.2 [FADING]",ghoul-stitched shoulders worldforged binds when picked up shoulder leather 108 armor +8 agility +8 stamina requires level 50 item level 55 equip: increases attack power by 12. equip: improves haste rating by 7.   you haven't collected this appearance
410156,Red Metal Pauldrons,False,56,61,Shoulders,INVTYPE_SHOULDER,Armor,Mail,3,0,0,0,0,0,0,0,0.0,True,False,True,"Eastern Plaguelands 11.2, 25.9 [CONFIRMED]",red metal pauldrons worldforged binds when picked up shoulder mail 253 armor +15 strength +16 stamina requires level 56 item level 61   you haven't collected this appearance
410129,Argent Sentry Pauldrons,False,54,59,Shoulders,INVTYPE_SHOULDER,Armor,Plate,3,0,0,0,0,0,0,0,0.0,True,False,True,"Eastern Plaguelands 34.1, 64.2 [FADING]",argent sentry pauldrons worldforged binds when picked up shoulder plate 424 armor +8 strength +9 stamina requires level 54 item level 59 equip: increases defense rating by 10. equip: increases your parry rating by 11.   you haven't collected this appearance
515390,Ballast Laden Pauldrons,False,54,59,Shoulders,INVTYPE_SHOULDER,Armor,Plate,3,0,0,0,0,0,0,0,0.0,True,False,True,"Un'Goro Crater 36.0, 61.2 [FADING]",ballast laden pauldrons worldforged binds when picked up shoulder plate 424 armor +10 strength +11 stamina requires level 54 item level 59 equip: increases your parry rating by 13.   you haven't collected this appearance
515299,Pauldron of the First War,False,50,55,Shoulders,INVTYPE_SHOULDER,Armor,Mail,3,0,0,0,0,0,0,0,0.0,True,False,True,"Blasted Lands 55.0, 40.0 [CONFIRMED]",pauldron of the first war worldforged binds when picked up shoulder mail 230 armor +10 stamina requires level 50 item level 55 equip: increases attack power by 15. equip: increases your armor penetration rating by 10.   you haven't collected this appearance
515626,Shoulderguards of Zin-Malor,False,48,53,Shoulders,INVTYPE_SHOULDER,Armor,Mail,3,0,0,0,0,0,0,0,0.0,True,False,True,"Azshara 40.5, 53.0 [CONFIRMED]","shoulderguards of zin-malor worldforged binds when picked up shoulder mail 203 armor +10 agility +9 stamina requires level 48 item level 53 equip: increases your dodge rating by 11. ""these shoulderguards carry a faint echo of high priest zin-malor’s power—an enigma that continues to baffle historians.""   you haven't collected this appearance"
515382,Ringo's Star,False,54,59,Thrown,INVTYPE_THROWN,Weapon,Thrown,3,0,0,0,7,6,0,0,5.55,True,False,True,"Un'Goro Crater 52.1, 50.1 [CONFIRMED]","ringo's star worldforged binds when picked up thrown thrown 73 - 111 damage speed 1.80 (51.0 damage per second) requires level 54 item level 59 equip: improves hit rating by 7. equip: improves critical strike rating by 6. ""this throwing weapon was once part of a fab four collection. don’t let the pun fool you. it still packs a hit worthy of a worldwide tour.""   you haven't collected this appearance"
515724,Vilebranch Warthrower,False,50,55,Thrown,INVTYPE_THROWN,Weapon,Thrown,3,0,0,0,6,0,0,0,2.7,True,False,True,"The Hinterlands 62.3, 65.9 [CONFIRMED]",vilebranch warthrower worldforged binds when picked up thrown thrown 76 - 115 damage speed 2.00 (47.9 damage per second) +5 agility requires level 50 item level 55 equip: improves hit rating by 6.   you haven't collected this appearance
515356,Cenarion Dreamcatcher,False,51,56,Trinket,INVTYPE_TRINKET,Armor,Miscellaneous,2,12,13,0,0,0,0,0,22.4,True,False,True,"Un'Goro Crater 32.0, 15.0 [CONFIRMED]",cenarion dreamcatcher worldforged binds when picked up unique-equipped trinket +13 intellect requires level 51 item level 56 equip: increases spell power by 12.
410216,Blazing Ember,False,55,60,Trinket,INVTYPE_TRINKET,Armor,Miscellaneous,3,17,0,0,0,13,0,0,22.2,True,False,True,"Burning Steppes 35.4, 57.8 [CONFIRMED]",blazing ember worldforged binds when picked up unique-equipped trinket requires level 55 item level 60 equip: increases spell power by 17. equip: improves critical strike rating by 13.
410043,Twilight Talisman,False,60,65,Trinket,INVTYPE_TRINKET,Armor,Miscellaneous,3,21,0,0,0,0,0,0,21.0,True,False,True,"Twilight's Run 40.0, 36.1 [CONFIRMED]","twilight talisman worldforged binds when picked up unique-equipped trinket requires level 60 item level 65 equip: increases spell power by 21. use: increases your haste rating by 40, but increases resource costs by 10% for 10 sec. (2 min cooldown)"
515722,Oozling Thoughtcore,False,48,53,Trinket,INVTYPE_TRINKET,Armor,Miscellaneous,3,9,10,0,0,0,0,0,17.0,True,False,True,"The Hinterlands 65.0, 65.0 [FADING]",oozling thoughtcore worldforged binds when picked up unique-equipped trinket +10 intellect requires level 48 item level 53 equip: increases spell power by 9. use: coats your hands in slime causing your next 5 direct spells to deal 66 additional nature damage. (2 min cooldown)
515373,Doomfall Spark,False,52,57,Trinket,INVTYPE_TRINKET,Armor,Miscellaneous,2,0,15,0,0,0,0,0,12.0,True,False,True,"Un'Goro Crater 44.1, 91.1 [CONFIRMED]",doomfall spark worldforged binds when picked up unique-equipped trinket +15 intellect requires level 52 item level 57 use: trigger a meteor strike dealing 164 fire damage up to 5 nearby targets. (1 min 30 sec cooldown)
515331,Heart of the Warpwood,False,52,57,Trinket,INVTYPE_TRINKET,Armor,Miscellaneous,2,0,9,0,0,0,0,0,7.2,True,False,True,"Felwood 58.0, 18.0 [CONFIRMED]","heart of the warpwood worldforged binds when picked up unique-equipped trinket +6 agility +9 intellect requires level 52 item level 57 use: inflicts nearby enemies with warpwood spores dealing 53 nature damage every 3 sec, reducing armor by 250, and nature resistance by 25. lasts for for 15 sec. (2 min cooldown)"
410147,Bubbling Blood of Heroes,False,58,63,Trinket,INVTYPE_TRINKET,Armor,Miscellaneous,3,0,0,0,0,8,0,0,3.2,True,False,True,"Eastern Plaguelands 23.0, 57.0 [CONFIRMED]",bubbling blood of heroes worldforged binds when picked up unique-equipped trinket requires level 58 item level 63 equip: increases your expertise rating by 9. equip: improves critical strike rating by 8. use: increases your attack power by 50 and causes your melee and ranged auto attacks deal an additional 50 fire damage for 15 sec. (2 min cooldown)
410054,Alliance Recruitment Badge,False,60,65,Trinket,INVTYPE_TRINKET,Armor,Miscellaneous,3,0,0,0,0,0,0,0,0.0,False,False,True,,alliance recruitment badge worldforged binds when picked up unique-equipped trinket requires level 60 item level 65
515297,Crude Voodoo Doll,False,60,65,Trinket,INVTYPE_TRINKET,Armor,Miscellaneous,3,0,0,0,0,0,0,0,0.0,True,False,True,"Blasted Lands 34.0, 50.0 [CONFIRMED]","crude voodoo doll worldforged binds when picked up unique-equipped trinket requires level 60 item level 65 use: link your life with another party member, sharing 5% of the damage they take for 10 seconds.  (1 min 30 sec cooldown)"
354469,Fragment of K'aresh,False,60,65,Trinket,INVTYPE_TRINKET,Armor,Miscellaneous,3,0,0,0,0,0,0,0,0.0,True,False,True,"Deadwind Pass 43.9, 79.5 [FADING]","fragment of k'aresh worldforged binds when picked up unique-equipped trinket requires level 60 item level 65 equip: increases defense rating by 17. equip: damaging attacks from creatures that bring you below 35% of your health increase your dodge rating by 140 and shadow resistance by 45 for 10 seconds.  this can only occur once every 2 minutes.   ""a piece of a long-destroyed world that medivh kept in his cellar as a curiosity."""
410053,Horde Recruitment Insignia,False,60,65,Trinket,INVTYPE_TRINKET,Armor,Miscellaneous,3,0,0,0,0,0,0,0,0.0,False,False,True,,horde recruitment insignia worldforged binds when picked up unique-equipped trinket requires level 60 item level 65
410102,Owlbeast Talon,False,58,63,Trinket,INVTYPE_TRINKET,Armor,Miscellaneous,3,0,0,0,0,0,0,0,0.0,True,False,True,"Winterspring 64.9, 18.8 [CONFIRMED]","owlbeast talon worldforged binds when picked up unique-equipped trinket requires level 58 item level 63 equip: damaging spells and abilities have a chance to increase either your attack power, spell power, critical strike rating, haste rating or armor penetration rating for 10 sec."
354459,Aion of Desolation,False,55,60,Trinket,INVTYPE_TRINKET,Armor,Miscellaneous,3,0,0,0,0,0,0,0,0.0,True,False,True,"Deadwind Pass 43.1, 29.3 [FADING]","aion of desolation worldforged binds when picked up unique-equipped trinket +8 agility requires level 55 item level 60 equip: increases your armor penetration rating by 8. use: a phantom scythe strikes nearby enemies, dealing 100 shadow damage and granting 15 attack power for each enemy hit. (1 min cooldown) ""their screams are the monument upon which your name shall be engraved forever."""
410235,Spiced Rum,False,55,60,Trinket,INVTYPE_TRINKET,Armor,Miscellaneous,3,0,0,0,0,0,0,0,0.0,True,False,True,"Western Plaguelands 41.0, 76.0 [CONFIRMED]","spiced rum worldforged binds when picked up unique-equipped trinket requires level 55 item level 60 use: drink an extremely potent alcoholic beverage. reducing movement speed by 20%, and increasing strength by 50. lasts 20 sec. (2 min cooldown)"
410085,Winter's Last Embrace,False,55,60,Trinket,INVTYPE_TRINKET,Armor,Miscellaneous,3,0,0,0,0,0,0,0,0.0,True,False,True,"Winterspring 50.1, 46.2 [FADING]","winter's last embrace worldforged binds when picked up unique-equipped trinket +8 stamina +8 fire resistance requires level 55 item level 60 equip: increases defense rating by 9. equip: taking damage while below 20% health grants you a shield absorbing up to 200 damage. lasts for 15 sec. this effect can only occur once every 30 seconds. ""you feel a comforting, but cold presence."""
410095,Wailing Talisman,False,54,59,Trinket,INVTYPE_TRINKET,Armor,Miscellaneous,3,0,0,0,0,0,0,0,0.0,True,False,True,"Winterspring 56.0, 44.1 [FADING]",wailing talisman worldforged binds when picked up unique-equipped trinket requires level 54 item level 59 equip: reduces the duration of any silence or interrupt effects used against the wearer by 3%. use: increases your spell power by 60 for 15 seconds. (2 min cooldown)
410189,Ancient Whetstone,False,53,58,Trinket,INVTYPE_TRINKET,Armor,Miscellaneous,3,0,0,0,0,0,0,0,0.0,True,False,True,"Burning Steppes 70.9, 35.9 [CONFIRMED]","ancient whetstone worldforged binds when picked up unique-equipped trinket requires level 53 item level 58 equip: increases attack power by 32. use: sharpen your weapon with searing flames from a heart of fire, granting a chance for your auto-attacks to deal additional fire damage. |cffffffffrequires: heart of fire (1)|r"
410131,Forbidden Fruit,False,53,58,Trinket,INVTYPE_TRINKET,Armor,Miscellaneous,3,0,0,0,0,0,0,0,0.0,True,False,True,"Eastern Plaguelands 37.8, 80.0 [CONFIRMED]",forbidden fruit worldforged binds when picked up unique-equipped trinket requires level 53 item level 58 use: causes 32 plague damage every 2 sec in a 8 yard radius for 10 sec. (2 min cooldown)
410010,Phylactery Shard,False,53,58,Trinket,INVTYPE_TRINKET,Armor,Miscellaneous,3,0,0,0,0,0,0,0,0.0,True,False,True,"Western Plaguelands 46.3, 52.6 [FADING]","phylactery shard worldforged binds when picked up unique-equipped trinket requires level 53 item level 58 use: increases your health by 100 every second for 15 sec, then slowly fades away. (3 min cooldown)"
410210,Firegut Emblem,False,52,57,Trinket,INVTYPE_TRINKET,Armor,Miscellaneous,3,0,0,0,0,0,0,0,0.0,True,False,True,"Burning Steppes 86.7, 36.0 [FADING]","firegut emblem worldforged binds when picked up unique-equipped trinket requires level 52 item level 57 equip: increases defense rating by 21. equip: taking melee damage has chance to make you nauseous, causing you to throw up your burning gut, breathing 91 fire damage on enemies around you."
515306,Portal Fragment,False,52,57,Trinket,INVTYPE_TRINKET,Armor,Miscellaneous,2,0,0,0,0,0,0,0,0.0,True,False,True,"Blasted Lands 58.4, 50.7 [FADING]","portal fragment worldforged binds when picked up unique-equipped trinket requires level 52 item level 57 use: open up a dimensional portal that explodes after 2.50 sec, dealing 381 arcane damage to all enemies in the area. (5 min cooldown) ""infused with twisted magic, the metallic shard pulses with an ancient buzz."""
515318,Felhound Tendril,False,51,56,Trinket,INVTYPE_TRINKET,Armor,Miscellaneous,2,0,0,0,0,0,0,0,0.0,True,False,True,"Felwood 38.6, 61.7 [FADING]","felhound tendril worldforged binds when picked up unique-equipped trinket requires level 51 item level 56 use: instantly restores 1200 mana but at a cost!  burns 100 mana every 3 seconds over 15 sec. if you fall bellow 50% mana, the burn effect is heavily increased. (2 min cooldown)"
515604,Lyre of the Grand Scribe,False,51,56,Trinket,INVTYPE_TRINKET,Armor,Miscellaneous,3,0,0,0,0,0,0,0,0.0,True,False,True,"Azshara 90.3, 35.1 [CONFIRMED]","lyre of the grand scribe worldforged binds when picked up unique-equipped trinket requires level 51 item level 56 equip: dealing spell damage has a chance to trigger song of eldara, increasing your haste rating by 30 and regenerating 300 mana over 12 seconds. ""a soft, melodic hum resonates from this ancient lyre. you can't help wondering how it's remained untouched for all these years..."""
515601,Eldara's Stargazer,False,50,55,Trinket,INVTYPE_TRINKET,Armor,Miscellaneous,3,0,0,0,0,0,0,0,0.0,True,False,True,"Azshara 54.2, 10.8 [CONFIRMED]","eldara's stargazer worldforged binds when picked up unique-equipped trinket requires level 50 item level 55 equip: whenever one of your spells or abilities misses, you gain 10 hit rating. stacks up to 5, lasts 12 seconds."
515241,Idol of the Brooding Shadow,False,50,55,Trinket,INVTYPE_TRINKET,Armor,Miscellaneous,3,0,0,0,0,0,0,0,0.0,True,False,True,"The Hinterlands 63.3, 66.8 [FADING]","idol of the brooding shadow worldforged binds when picked up unique-equipped trinket requires level 50 item level 55 equip: you have a chance when you critically strike with a melee attack to be enveloped in shadows, increasing your melee haste rating by 64 for 6 sec."
515399,Ravasaur Talon,False,50,55,Trinket,INVTYPE_TRINKET,Armor,Miscellaneous,2,0,0,0,0,0,0,0,0.0,True,False,True,"Un'Goro Crater 67.0, 67.6 [FADING]",ravasaur talon worldforged binds when picked up unique-equipped trinket +9 agility requires level 50 item level 55 equip: increases your armor penetration rating by 9.
515376,Shifting Form,False,50,55,Trinket,INVTYPE_TRINKET,Armor,Miscellaneous,3,0,0,0,0,0,0,0,0.0,True,False,True,"Un'Goro Crater 68.8, 57.0 [FADING]","shifting form worldforged binds when picked up unique-equipped trinket requires level 50 item level 55 use: undergo rapid mutation, sprouting new traits every 1 second, teetering dangerously between brilliance and abomination. who knows what you'll become?  lasts 30 seconds. (3 min cooldown)"
515800,Treasure Seeking Lodestone,False,49,54,Trinket,INVTYPE_TRINKET,Armor,Miscellaneous,3,0,0,0,0,0,0,0,0.0,True,False,True,"Tanaris 55.6, 91.4 [CONFIRMED]",treasure seeking lodestone worldforged binds when picked up unique-equipped trinket +7 stamina requires level 49 item level 54 equip: increases your expertise rating by 8. equip: you have a chance when you kill an enemy that yields experience or honor to activate the lodestone allowing you to track nearby treasures for 3 minutes.
515624,Beth'Amara Shard,False,48,53,Trinket,INVTYPE_TRINKET,Armor,Miscellaneous,2,0,0,0,0,0,0,0,0.0,True,False,True,"Azshara 39.0, 64.0 [CONFIRMED]","beth'amara shard worldforged binds when picked up unique-equipped trinket requires level 48 item level 53 equip: you have a chance when being hit to trigger tuel rune, granting you 200 armor. stacks up to 3 times. lasts 10 seconds. ""eldara inscribed beth'amara runes onto crystals like this one to ward the city, yet even that power was not enough to save it from the sundering."""
515195,Dormant Dreamscale,False,48,53,Trinket,INVTYPE_TRINKET,Armor,Miscellaneous,3,0,0,0,0,0,0,0,0.0,True,False,True,"Feralas 50.9, 20.0 [FADING]","dormant dreamscale worldforged binds when picked up unique-equipped trinket +12 stamina +11 nature resistance requires level 48 item level 53 use: increases mana generated every 5 seconds by 200, and spell power is increased by 40 for 10 sec. (2 min cooldown)"
515272,Elder Pipe,False,47,52,Trinket,INVTYPE_TRINKET,Armor,Miscellaneous,3,0,0,0,0,0,0,0,0.0,True,False,True,"Searing Gorge 45.8, 28.9 [FADING]","elder pipe worldforged binds when picked up unique-equipped trinket +12 stamina requires level 47 item level 52 use: inhale the smoldering essence of the deep mountain. the world slows, thoughts drift like lazy magma, and for a time, all is ashen serenity. (1 day cooldown)"
515205,Accursed Yeti Horn,False,46,51,Trinket,INVTYPE_TRINKET,Armor,Miscellaneous,3,0,0,0,0,0,0,0,0.0,True,False,True,"Feralas 54.1, 34.0 [CONFIRMED]","accursed yeti horn worldforged binds when picked up unique-equipped trinket requires level 46 item level 51 use: increase attack power by 125 for 15 sec, when howl of the feral beast ends your movement speed is reduced by 20% for 5 sec. (2 min cooldown)"
515253,Scorching Lodepebble,False,46,51,Trinket,INVTYPE_TRINKET,Armor,Miscellaneous,2,0,0,0,0,0,0,0,0.0,True,False,True,"Searing Gorge 39.0, 72.8 [FADING]",scorching lodepebble worldforged binds when picked up unique-equipped trinket requires level 46 item level 51 use: summon a fire elemental to help you in combat. (2 min cooldown)
410028,Staff of the Twisted Spirit,False,58,63,Two-hand,INVTYPE_2HWEAPON,Weapon,Staves,4,56,28,0,0,0,25,0,78.4,True,False,True,"Western Plaguelands 74.8, 83.8 [FADING]",staff of the twisted spirit worldforged binds when picked up two-hand staff 87 - 132 damage speed 3.00 (36.4 damage per second) +28 intellect +25 spirit requires level 58 item level 63 equip: increases spell power by 56. equip: your periodic shadow damage has a chance to increase your shadow spell power by 2. stacks up to 15. lasts 8 seconds.   you haven't collected this appearance
410219,Bloodspire Staff,False,57,62,Two-hand,INVTYPE_2HWEAPON,Weapon,Staves,3,44,19,12,0,0,17,0,67.0,True,False,True,"Burning Steppes 13.0, 39.0 [CONFIRMED]",bloodspire staff worldforged binds when picked up two-hand staff 80 - 122 damage speed 3.00 (33.8 damage per second) +19 intellect +17 spirit requires level 57 item level 62 equip: increases spell power by 44. equip: improves haste rating by 12.   you haven't collected this appearance
410113,Azure Focusing Staff,False,57,62,Two-hand,INVTYPE_2HWEAPON,Weapon,Staves,3,44,19,0,0,0,17,0,59.2,True,False,True,"Winterspring 57.4, 48.3 [CONFIRMED]",azure focusing staff worldforged binds when picked up two-hand staff 80 - 122 damage speed 3.00 (33.8 damage per second) +13 stamina +19 intellect +17 spirit requires level 57 item level 62 equip: increases spell power by 44.   you haven't collected this appearance
410012,Shimmering Scarlet Cane,False,52,57,Two-hand,INVTYPE_2HWEAPON,Weapon,Staves,3,43,20,0,0,0,0,0,59.0,True,False,True,"Western Plaguelands 52.0, 44.0 [CONFIRMED]",shimmering scarlet cane worldforged binds when picked up two-hand staff 80 - 121 damage speed 3.10 (32.5 damage per second) +20 intellect requires level 52 item level 57 equip: increases spell penetration by 18. equip: increases spell power by 43.   you haven't collected this appearance
515365,Pylon Charged Staff,False,51,56,Two-hand,INVTYPE_2HWEAPON,Weapon,Staves,3,42,20,0,0,0,0,0,58.0,True,False,True,"Un'Goro Crater 56.7, 12.6 [FADING]","pylon charged staff worldforged binds when picked up two-hand staff 80 - 121 damage speed 3.10 (32.3 damage per second) +14 stamina +20 intellect requires level 51 item level 56 equip: increases spell power by 42. ""vibrates with the same frequency as the pylons.""   you haven't collected this appearance"
410067,Twilight Prophet Staff,False,55,60,Two-hand,INVTYPE_2HWEAPON,Weapon,Staves,3,42,18,0,0,0,16,0,56.4,True,False,True,"Silithus 35.7, 29.4 [FADING]",twilight prophet staff worldforged binds when picked up two-hand staff 79 - 120 damage speed 3.00 (33.2 damage per second) +12 stamina +18 intellect +16 spirit requires level 55 item level 60 equip: increases spell power by 42.   you haven't collected this appearance
410185,Flamescale Spire,False,57,62,Two-hand,INVTYPE_2HWEAPON,Weapon,Staves,3,42,16,0,0,0,0,0,54.8,True,False,True,"Burning Steppes 21.4, 46.5 [FADING]","flamescale spire worldforged binds when picked up two-hand staff 83 - 126 damage speed 3.10 (33.8 damage per second) +16 intellect requires level 57 item level 62 equip: increases spell power by 42. equip: increases spell penetration by 14. equip: dealing direct magic damage has a chance to sear the target, dealing 185 fire damage over 6 seconds.   you haven't collected this appearance"
410172,Gravecall Staff,False,54,59,Two-hand,INVTYPE_2HWEAPON,Weapon,Staves,3,39,16,0,0,0,13,0,51.8,True,False,True,"Eastern Plaguelands 35.2, 29.3 [FADING]",gravecall staff worldforged binds when picked up two-hand staff 78 - 119 damage speed 3.00 (33.0 damage per second) +16 intellect +13 spirit requires level 54 item level 59 equip: increases spell power by 39. equip: shadow critical strikes have a chance to grant 55 haste rating for 10 seconds.   you haven't collected this appearance
354458,Branch of Mourning,False,55,60,Two-hand,INVTYPE_2HWEAPON,Weapon,Staves,3,36,12,0,9,0,10,0,49.65,True,False,True,"Deadwind Pass 48.3, 25.1 [CONFIRMED]","branch of mourning worldforged binds when picked up two-hand staff 63 - 96 damage speed 2.40 (33.2 damage per second) +12 intellect +10 spirit requires level 55 item level 60 equip: increases spell power by 36. equip: improves hit rating by 9. equip: damaging spell casts have a chance to afflict the target dealing 305 shadow damage over 15 seconds. ""you feel only sorrow as you hold this branch in your hands.""   you've collected this appearance"
515322,Jaednar Spire,False,53,58,Two-hand,INVTYPE_2HWEAPON,Weapon,Staves,3,25,22,0,0,15,20,0,48.6,True,False,True,"Felwood 37.9, 54.5 [FADING]",jaednar spire worldforged binds when picked up two-hand staff 86 - 130 damage speed 3.30 (32.8 damage per second) +22 intellect +20 spirit requires level 53 item level 58 equip: improves critical strike rating by 15. equip: increases spell power by 25.   you haven't collected this appearance
515607,Hydraxian Staff,False,53,58,Two-hand,INVTYPE_2HWEAPON,Weapon,Staves,3,35,15,0,0,0,0,14,47.0,True,False,True,"Azshara 79.2, 73.8 [FADING]",hydraxian staff worldforged binds when picked up two-hand staff 81 - 123 damage speed 3.10 (32.8 damage per second) +10 stamina +15 intellect +13 fire resistance requires level 53 item level 58 equip: restores 14 mana per 5 sec. equip: increases spell power by 25. equip: increases your frost spell power by 10.   you haven't collected this appearance
515909,Dunecaller's Spire,False,48,53,Two-hand,INVTYPE_2HWEAPON,Weapon,Staves,4,29,11,7,0,0,0,0,42.35,True,False,True,"Tanaris 31.0, 78.0 [CONFIRMED]",dunecaller's spire worldforged binds when picked up two-hand staff 52 - 78 damage speed 3.50 (18.6 damage per second) +8 stamina +11 intellect requires level 48 item level 53 equip: improves haste rating by 7. equip: increases spell power by 29. use: call upon the sands to attack your target dealing 49 nature damage to all enemies within 5 yards of the target every 2 seconds for 10 seconds. (3 min cooldown)   you haven't collected this appearance
515634,"Ish'thel Falesh, Gaze of Eldara",False,48,53,Two-hand,INVTYPE_2HWEAPON,Weapon,Staves,4,26,17,0,0,0,0,0,39.6,True,False,True,"Azshara 44.0, 45.0 [CONFIRMED]","ish'thel falesh, gaze of eldara worldforged binds when picked up two-hand staff 53 - 81 damage speed 3.60 (18.6 damage per second) +17 intellect requires level 48 item level 53 equip: increases spell penetration by 15. equip: increases spell power by 26. equip: every 10 seconds get a 50 spell damage buff for individual schools of magic in order of: fire, nature, frost, shadow, arcane and holy. each lasts 10 seconds. ""the runes engraved upon this staff still glow with the power of an ancient scribe who has long since vanished from azeroth.""   you haven't collected this appearance"
515708,Blood Keeper's Staff,False,50,55,Two-hand,INVTYPE_2HWEAPON,Weapon,Staves,3,27,10,0,0,7,9,0,37.8,True,False,True,"The Hinterlands 48.9, 68.2 [FADING]",blood keeper's staff worldforged binds when picked up two-hand staff 81 - 123 damage speed 3.20 (32.0 damage per second) +10 intellect +9 spirit requires level 50 item level 55 equip: increases spell power by 27. equip: improves critical strike rating by 7. equip: direct damaging casts have a chance to launch a bolt of corrupted blood at the target dealing 61 to 65 shadow damage.   you haven't collected this appearance
515288,Elvish Demon Reaver,False,54,59,Two-hand,INVTYPE_2HWEAPON,Weapon,Staves,3,25,15,0,0,0,13,0,37.0,True,False,True,"Blasted Lands 59.1, 56.1 [FADING]",elvish demon reaver worldforged binds when picked up two-hand staff 84 - 128 damage speed 3.20 (33.0 damage per second) +11 stamina +15 intellect +13 spirit requires level 54 item level 59 equip: increases spell power by 25. equip: increases spell damage against demons by 20.   you haven't collected this appearance
515201,Staff of Twin Blossoms,False,48,53,Two-hand,INVTYPE_2HWEAPON,Weapon,Staves,3,26,10,0,0,0,9,9,34.0,True,False,True,"Feralas 37.0, 25.1 [FADING]",staff of twin blossoms worldforged binds when picked up two-hand staff 43 - 65 damage speed 3.10 (17.4 damage per second) +10 intellect +9 spirit requires level 48 item level 53 equip: increases spell power by 26. equip: restores 9 mana per 5 sec. equip: your direct damage and healing spells have a chance to increase your haste rating by 30.   you haven't collected this appearance
410140,Scorched Runeblade,False,59,64,Two-hand,INVTYPE_2HWEAPON,Weapon,Two-Handed Swords,3,0,24,0,0,0,0,0,19.2,True,False,True,"Eastern Plaguelands 81.5, 43.0 [CONFIRMED]",scorched runeblade worldforged binds when picked up two-hand sword 151 - 228 damage speed 3.50 (54.1 damage per second) +17 agility +16 stamina +24 intellect requires level 59 item level 64 use: cast a coil of pure death dealing 160 shadow damage and healing for 300% of the damage dealt. (3 min cooldown)   you haven't collected this appearance
410092,Icemaw Greatmaul,False,54,59,Two-hand,INVTYPE_2HWEAPON,Weapon,Two-Handed Maces,3,0,22,0,0,0,0,0,17.6,True,False,True,"Winterspring 45.7, 40.1 [CONFIRMED]",icemaw greatmaul worldforged binds when picked up two-hand mace 140 - 210 damage speed 3.50 (50.0 damage per second) +14 strength +15 stamina +22 intellect requires level 54 item level 59   you haven't collected this appearance
515290,Evoker's Twisted Coil,False,52,57,Two-hand,INVTYPE_2HWEAPON,Weapon,Staves,4,10,0,10,0,0,0,0,16.5,True,False,True,"Blasted Lands 68.0, 28.9 [CONFIRMED]","evoker's twisted coil worldforged binds when picked up two-hand staff 152 - 227 damage speed 3.40 (55.7 damage per second) +11 stamina requires level 52 item level 57 equip: improves haste rating by 10. equip: increases spell penetration by 14. equip: increases fire, frost and arcane spell damage by 10.   you haven't collected this appearance"
515291,Shadowsworn Reaper,False,52,57,Two-hand,INVTYPE_2HWEAPON,Weapon,Polearms,3,13,0,0,0,0,0,0,13.0,True,False,True,"Blasted Lands 64.0, 47.0 [CONFIRMED]",shadowsworn reaper worldforged binds when picked up two-hand polearm 143 - 215 damage speed 3.70 (48.4 damage per second) +8 strength +10 stamina requires level 52 item level 57 equip: increases spell power by 13. chance on hit: let loose cursed spirits causing the target to take 49 shadow damage every second for 3 seconds.   you haven't collected this appearance
410162,Junior Mallet,False,54,59,Two-hand,INVTYPE_2HWEAPON,Weapon,Two-Handed Maces,3,0,16,0,0,0,0,0,12.8,True,False,True,"Eastern Plaguelands 5.0, 38.1 [CONFIRMED]",junior mallet worldforged binds when picked up two-hand mace 136 - 204 damage speed 3.40 (50.0 damage per second) +9 strength +10 stamina +16 intellect requires level 54 item level 59 chance on hit: deal 200 holy damage.   you haven't collected this appearance
410082,Chillbane Cleaver,False,53,58,Two-hand,INVTYPE_2HWEAPON,Weapon,Two-Handed Axes,3,0,15,0,0,0,0,0,12.0,True,False,True,"Winterspring 34.7, 45.2 [FADING]",chillbane cleaver worldforged binds when picked up two-hand axe 137 - 207 damage speed 3.50 (49.2 damage per second) +11 agility +15 intellect requires level 53 item level 58 equip: increases attack power by 16. chance on hit: deal 3% weapon damage as frost and a small chance at slowing your movement speed by 75% for 2 seconds.   you haven't collected this appearance
410018,Tracker's Plagued Spike,False,56,61,Two-hand,INVTYPE_2HWEAPON,Weapon,Polearms,3,0,0,0,15,13,0,0,11.95,True,False,True,"Western Plaguelands 53.0, 19.0 [CONFIRMED]",tracker's plagued spike worldforged binds when picked up two-hand polearm 145 - 217 damage speed 3.50 (51.7 damage per second) +13 agility +13 stamina requires level 56 item level 61 equip: improves hit rating by 15. equip: improves critical strike rating by 13.   you haven't collected this appearance
515254,Scorched Greatblade,False,46,51,Two-hand,INVTYPE_2HWEAPON,Weapon,Two-Handed Swords,3,0,0,8,0,9,0,0,8.8,True,False,True,"Searing Gorge 35.0, 82.0 [CONFIRMED]","scorched greatblade worldforged binds when picked up two-hand sword 125 - 188 damage speed 3.60 (43.5 damage per second) +8 strength requires level 46 item level 51 equip: improves critical strike rating by 9. equip: improves haste rating by 8. chance on hit: embed a fiery charge on your target that detonates after 3 sec, dealing 102 fire damage to the target and nearby enemies.   you haven't collected this appearance"
410051,Darnell's Blade,False,56,61,Two-hand,INVTYPE_2HWEAPON,Weapon,Two-Handed Swords,3,0,0,0,18,0,0,0,8.1,True,False,True,"Silithus 39.6, 57.4 [CONFIRMED]","darnell's blade worldforged binds when picked up two-hand sword 140 - 211 damage speed 3.40 (51.7 damage per second) +14 strength +16 stamina requires level 56 item level 61 equip: improves hit rating by 18. ""something about this blade doesn't feel right...""   you haven't collected this appearance"
515298,Doomlord Slasher,False,60,65,Two-hand,INVTYPE_2HWEAPON,Weapon,Two-Handed Swords,3,0,0,0,0,17,0,0,6.8,True,False,True,"Blasted Lands 36.9, 74.7 [FADING]",doomlord slasher worldforged binds when picked up two-hand sword 162 - 244 damage speed 3.70 (54.9 damage per second) requires level 60 item level 65 equip: increases attack power by 26. equip: increases your expertise rating by 19. equip: improves critical strike rating by 17.   you haven't collected this appearance
515342,Bitterbranch Claymore,False,50,55,Two-hand,INVTYPE_2HWEAPON,Weapon,Two-Handed Swords,3,0,0,0,15,0,0,0,6.75,True,False,True,"Felwood 41.1, 27.7 [FADING]",bitterbranch claymore worldforged binds when picked up two-hand sword 135 - 202 damage speed 3.60 (46.8 damage per second) +12 strength +14 stamina requires level 50 item level 55 equip: improves hit rating by 15.   you haven't collected this appearance
410136,Deadcapitator,False,57,62,Two-hand,INVTYPE_2HWEAPON,Weapon,Two-Handed Axes,3,0,0,0,0,16,0,0,6.4,True,False,True,"Eastern Plaguelands 65.0, 24.3 [CONFIRMED]",deadcapitator worldforged binds when picked up two-hand axe 146 - 221 damage speed 3.50 (52.5 damage per second) +16 stamina requires level 57 item level 62 equip: increases attack power by 25. equip: improves critical strike rating by 16.   you haven't collected this appearance
354449,Axe of Slaughter,False,55,60,Two-hand,INVTYPE_2HWEAPON,Weapon,Two-Handed Axes,3,0,0,0,0,16,0,0,6.4,True,False,True,"Deadwind Pass 54.2, 55.8 [CONFIRMED]",axe of slaughter worldforged binds when picked up two-hand axe 105 - 159 damage speed 2.60 (50.8 damage per second) +14 strength +15 stamina requires level 55 item level 60 equip: improves critical strike rating by 16.   you haven't collected this appearance
515294,Dreadmaul Head Smasher,False,53,58,Two-hand,INVTYPE_2HWEAPON,Weapon,Two-Handed Maces,2,0,0,0,14,0,0,0,6.3,True,False,True,"Blasted Lands 47.9, 43.2 [CONFIRMED]",dreadmaul head smasher worldforged binds when picked up two-hand mace 116 - 176 damage speed 3.50 (41.8 damage per second) +11 strength +12 stamina requires level 53 item level 58 equip: improves hit rating by 14.   you haven't collected this appearance
410202,The Final Strike,False,55,60,Two-hand,INVTYPE_2HWEAPON,Weapon,Two-Handed Swords,3,0,0,0,0,15,0,0,6.0,True,False,True,"Burning Steppes 66.2, 32.9 [CONFIRMED]",the final strike worldforged binds when picked up two-hand sword 150 - 226 damage speed 3.70 (50.8 damage per second) +15 stamina requires level 55 item level 60 equip: increases attack power by 23. equip: improves critical strike rating by 15. equip: your auto attacks against targets below 35% of their maximum health have a chance increase your melee critical strike rating by 40.   you haven't collected this appearance
515334,Talonbranch Sweeper,False,53,58,Two-hand,INVTYPE_2HWEAPON,Weapon,Two-Handed Maces,3,0,0,0,0,15,0,0,6.0,True,False,True,"Felwood 60.2, 24.2 [FADING]",talonbranch sweeper worldforged binds when picked up two-hand mace 137 - 207 damage speed 3.50 (49.2 damage per second) +14 strength +15 stamina requires level 53 item level 58 equip: improves critical strike rating by 15.   you haven't collected this appearance
515728,Flayer's Edge,False,50,55,Two-hand,INVTYPE_2HWEAPON,Weapon,Two-Handed Swords,3,0,0,0,0,14,0,0,5.6,True,False,True,"The Hinterlands 60.6, 67.5 [FADING]",flayer's edge worldforged binds when picked up two-hand sword 130 - 197 damage speed 3.50 (46.8 damage per second) +12 strength +13 stamina requires level 50 item level 55 equip: improves critical strike rating by 14.   you haven't collected this appearance
515393,Carapace Cracker,False,53,58,Two-hand,INVTYPE_2HWEAPON,Weapon,Two-Handed Axes,3,0,0,0,12,0,0,0,5.4,True,False,True,"The Slithering Scar 75.1, 56.6 [CONFIRMED]",carapace cracker worldforged binds when picked up two-hand axe 146 - 218 damage speed 3.70 (49.2 damage per second) +9 strength requires level 53 item level 58 equip: increases your armor penetration rating by 11. equip: improves hit rating by 12. chance on hit: your attacks now ignore 5% of targets armor for 12 seconds.   you haven't collected this appearance
410200,Spiked Maul,False,56,61,Two-hand,INVTYPE_2HWEAPON,Weapon,Two-Handed Maces,3,0,0,0,0,13,0,0,5.2,True,False,True,"Burning Steppes 39.3, 39.7 [CONFIRMED]",spiked maul worldforged binds when picked up two-hand mace 152 - 230 damage speed 3.70 (51.7 damage per second) +11 strength +13 stamina requires level 56 item level 61 equip: improves critical strike rating by 13. equip: increases your armor penetration rating by 13.   you haven't collected this appearance
410125,Snowpeak Claymore,False,55,60,Two-hand,INVTYPE_2HWEAPON,Weapon,Two-Handed Swords,3,0,0,7,0,0,0,0,4.55,True,False,True,"Winterspring 53.3, 55.5 [CONFIRMED]","snowpeak claymore worldforged binds when picked up two-hand sword 142 - 214 damage speed 3.50 (50.8 damage per second) +7 strength +8 stamina requires level 55 item level 60 equip: increases your parry rating by 10. equip: improves haste rating by 7. chance on hit: increases defense rating by 20, and increases armor by 300 for 12 sec.   you haven't collected this appearance"
410121,Darkwhisper Spear,False,59,64,Two-hand,INVTYPE_2HWEAPON,Weapon,Polearms,3,0,0,0,10,0,0,0,4.5,True,False,True,"Winterspring 58.0, 88.0 [CONFIRMED]",darkwhisper spear worldforged binds when picked up two-hand polearm 151 - 228 damage speed 3.50 (54.1 damage per second) +8 agility +8 stamina requires level 59 item level 64 equip: improves hit rating by 10. equip: increases your armor penetration rating by 8. equip: increases attack power against demons by 25.   you haven't collected this appearance
410223,Searsteel Claymore,False,48,53,Two-hand,INVTYPE_2HWEAPON,Weapon,Two-Handed Swords,3,0,0,0,10,0,0,0,4.5,True,False,True,"Lower Blackrock Mountain 35.1, 20.2 [FADING]; Blackrock Mountain 35.0, 20.5 [CONFIRMED]",searsteel claymore worldforged binds when picked up two-hand sword 126 - 189 damage speed 3.50 (45.0 damage per second) +9 agility +9 stamina requires level 48 item level 53 equip: improves hit rating by 10. chance on hit: increases your critical strike rating by 30.   you haven't collected this appearance
410099,Frostsaber Halberd,False,59,64,Two-hand,INVTYPE_2HWEAPON,Weapon,Polearms,3,0,0,0,0,11,0,0,4.4,True,False,True,"Winterspring 51.1, 11.5 [CONFIRMED]","frostsaber halberd worldforged binds when picked up two-hand polearm 151 - 228 damage speed 3.50 (54.1 damage per second) +10 strength +11 stamina requires level 59 item level 64 equip: improves critical strike rating by 11. equip: dealing physical damage over time has a chance to increase your melee attack power by 4, and melee haste rating by 2 for 6 sec. stacks up to 10.   you haven't collected this appearance"
410077,Chitinsunder Greataxe,False,57,62,Two-hand,INVTYPE_2HWEAPON,Weapon,Two-Handed Axes,3,0,0,0,0,11,0,0,4.4,True,False,True,"Silithus 19.2, 45.1 [CONFIRMED]","chitinsunder greataxe worldforged binds when picked up two-hand axe 143 - 214 damage speed 3.40 (52.5 damage per second) +10 strength requires level 57 item level 62 equip: increases your expertise rating by 13. equip: improves critical strike rating by 11. equip: whenever your attack is dodged, parried or blocked ,your melee haste rating is increased by 15 for 10 seconds, stacks up to 10 times.   you haven't collected this appearance"
410192,Smolderwing Decapitator,False,56,61,Two-hand,INVTYPE_2HWEAPON,Weapon,Two-Handed Axes,3,0,0,0,0,11,0,0,4.4,True,False,True,"Burning Steppes 55.0, 54.0 [CONFIRMED]","smolderwing decapitator worldforged binds when picked up two-hand axe 140 - 211 damage speed 3.40 (51.7 damage per second) +10 strength +11 stamina requires level 56 item level 61 equip: improves critical strike rating by 11. chance on hit: terrifies the creature, causing it to flee for 6 sec.   you haven't collected this appearance"
278845,Reliever's Burden,False,54,59,Two-hand,INVTYPE_2HWEAPON,Weapon,Two-Handed Axes,3,0,0,0,0,11,0,0,4.4,True,False,True,"Western Plaguelands 48.0, 70.0 [CONFIRMED]","reliever's burden worldforged binds when picked up two-hand axe 140 - 210 damage speed 3.50 (50.0 damage per second) +10 strength +10 stamina requires level 54 item level 59 equip: improves critical strike rating by 11. equip: chance on hitting a target below 35% health to cause a executing cleave, causing 73 to 88 physical damage to the target and up to 2 additional nearby enemies.   you haven't collected this appearance"
515367,Talon Ripper,False,52,57,Two-hand,INVTYPE_2HWEAPON,Weapon,Polearms,4,0,0,0,0,11,0,0,4.4,True,False,True,"Un'Goro Crater 20.3, 42.8 [FADING]",talon ripper worldforged binds when picked up two-hand polearm 160 - 241 damage speed 3.60 (55.7 damage per second) +11 agility +11 stamina requires level 52 item level 57 equip: improves critical strike rating by 11. equip: your pet's critical strikes grant you 20 attack power.   you haven't collected this appearance
515341,Fel Cleaver,False,50,55,Two-hand,INVTYPE_2HWEAPON,Weapon,Two-Handed Axes,3,0,0,0,0,9,0,0,3.6,True,False,True,"Felwood 41.8, 35.5 [CONFIRMED]",fel cleaver worldforged binds when picked up two-hand axe 142 - 214 damage speed 3.80 (46.8 damage per second) +9 stamina requires level 50 item level 55 equip: increases attack power by 14. equip: improves critical strike rating by 9. chance on hit: broadly swing your weapon causing 30% weapon damage as fire to your target and their nearest ally.   you haven't collected this appearance
515714,Vilebranch Beastlance,False,47,52,Two-hand,INVTYPE_2HWEAPON,Weapon,Polearms,3,0,0,0,0,9,0,0,3.6,True,False,True,"The Hinterlands 71.1, 48.1 [CONFIRMED]",vilebranch beastlance worldforged binds when picked up two-hand polearm 128 - 191 damage speed 3.60 (44.3 damage per second) +9 agility +8 stamina requires level 47 item level 52 equip: improves critical strike rating by 9. equip: your melee attacks have a chance to increase your pets attack speed by 10% for 12 sec.   you haven't collected this appearance
410052,Scarab Smasher,False,58,63,Two-hand,INVTYPE_2HWEAPON,Weapon,Two-Handed Maces,3,0,0,0,0,0,0,0,0.0,True,False,True,"Silithus 25.9, 91.0 [CONFIRMED]",scarab smasher worldforged binds when picked up two-hand mace 149 - 224 damage speed 3.50 (53.3 damage per second) +16 stamina requires level 58 item level 63 equip: increases attack power by 25. equip: increases your armor penetration rating by 16.   you haven't collected this appearance
410197,Blackrock Pike,False,56,61,Two-hand,INVTYPE_2HWEAPON,Weapon,Polearms,3,0,0,0,0,0,0,0,0.0,True,False,True,"Burning Steppes 43.2, 34.2 [CONFIRMED]",blackrock pike worldforged binds when picked up two-hand polearm 145 - 217 damage speed 3.50 (51.7 damage per second) +16 stamina requires level 56 item level 61 equip: increases attack power by 24. equip: increases your armor penetration rating by 16.   you haven't collected this appearance
410027,Charred Slicer,False,55,60,Two-hand,INVTYPE_2HWEAPON,Weapon,Two-Handed Swords,3,0,0,0,0,0,0,0,0.0,True,False,True,"Western Plaguelands 54.9, 45.6 [CONFIRMED]",charred slicer worldforged binds when picked up two-hand sword 142 - 214 damage speed 3.50 (50.8 damage per second) +10 stamina requires level 55 item level 60 equip: increases your armor penetration rating by 11. equip: increases attack power by 16. chance on hit: increases your armor penetration rating by 30.   you haven't collected this appearance
410225,Embercarve Greataxe,False,55,60,Two-hand,INVTYPE_2HWEAPON,Weapon,Two-Handed Axes,3,0,0,0,0,0,0,0,0.0,True,False,True,"Blackrock Mountain 46.0, 57.0 [CONFIRMED]",embercarve greataxe worldforged binds when picked up two-hand axe 138 - 208 damage speed 3.40 (50.8 damage per second) +11 strength +12 stamina requires level 55 item level 60 equip: increases your expertise rating by 14. equip: increases your parry rating by 15.   you haven't collected this appearance
410160,Ghost Buster,False,55,60,Two-hand,INVTYPE_2HWEAPON,Weapon,Two-Handed Maces,3,0,0,0,0,0,0,0,0.0,True,False,True,"Eastern Plaguelands 58.7, 55.1 [FADING]","ghost buster worldforged binds when picked up two-hand mace 154 - 232 damage speed 3.80 (50.8 damage per second) +16 strength +18 agility +18 stamina requires level 55 item level 60 chance on hit: stuns undead creatures for 4 seconds. ""who you gonna call? the crusade!""   you haven't collected this appearance"
410047,Standard Cenarion Spear,False,55,60,Two-hand,INVTYPE_2HWEAPON,Weapon,Polearms,3,0,0,0,0,0,0,0,0.0,True,False,True,"Silithus 49.8, 34.4 [CONFIRMED]",standard cenarion spear worldforged binds when picked up two-hand polearm 142 - 214 damage speed 3.50 (50.8 damage per second) +16 agility +15 stamina requires level 55 item level 60 equip: increases attack power by 23.   you haven't collected this appearance
515287,Orcish Demon Slayer,False,54,59,Two-hand,INVTYPE_2HWEAPON,Weapon,Two-Handed Axes,3,0,0,0,0,0,0,0,0.0,True,False,True,"Blasted Lands 57.8, 54.9 [FADING]",orcish demon slayer worldforged binds when picked up two-hand axe 144 - 216 damage speed 3.60 (50.0 damage per second) +10 strength +10 agility +10 stamina requires level 54 item level 59 equip: increases attack power against demons by 25.   you haven't collected this appearance
410154,Plaguebloom Spear,False,54,59,Two-hand,INVTYPE_2HWEAPON,Weapon,Polearms,3,0,0,0,0,0,0,0,0.0,True,False,True,"Eastern Plaguelands 57.4, 41.1 [CONFIRMED]",plaguebloom spear worldforged binds when picked up two-hand polearm 140 - 210 damage speed 3.50 (50.0 damage per second) +11 agility +11 stamina requires level 54 item level 59 equip: increases attack power by 16. chance on hit: inflicts 57 plague damage.   you haven't collected this appearance
410176,Plagued Pitchfork,False,54,59,Two-hand,INVTYPE_2HWEAPON,Weapon,Polearms,3,0,0,0,0,0,0,0,0.0,True,False,True,"Eastern Plaguelands 14.1, 29.1 [FADING]",plagued pitchfork worldforged binds when picked up two-hand polearm 140 - 210 damage speed 3.50 (50.0 damage per second) +10 strength +10 stamina requires level 54 item level 59 equip: increases your armor penetration rating by 10. chance on hit: poisons the enemy dealing 150 nature damage over 6 seconds.   you haven't collected this appearance
515617,Stormslicer,False,53,58,Two-hand,INVTYPE_2HWEAPON,Weapon,Two-Handed Swords,3,0,0,0,0,0,0,0,0.0,True,False,True,"Azshara 59.0, 41.0 [CONFIRMED]",stormslicer worldforged binds when picked up two-hand sword 118 - 177 damage speed 3.00 (49.2 damage per second) +9 strength +11 stamina requires level 53 item level 58 equip: increases your parry rating by 12. chance on hit: deal 82 nature damage that chains to up to 3 nearby enemies.   you haven't collected this appearance
515605,The Wrath of Arkkoroc,False,53,58,Two-hand,INVTYPE_2HWEAPON,Weapon,Polearms,4,0,0,0,0,0,0,0,0.0,True,False,True,"Azshara 77.1, 43.3 [FADING]","the wrath of arkkoroc worldforged binds when picked up two-hand polearm 172 - 258 damage speed 3.80 (56.6 damage per second) +16 agility requires level 53 item level 58 equip: increases attack power by 24. use: drown your target in a torrent of water, dealing 80 frost damage. (45 sec cooldown)   you haven't collected this appearance"
515317,Jadefire Piercer,False,52,57,Two-hand,INVTYPE_2HWEAPON,Weapon,Polearms,3,0,0,0,0,0,0,0,0.0,True,False,True,"Felwood 32.5, 66.6 [FADING]",jadefire piercer worldforged binds when picked up two-hand polearm 136 - 203 damage speed 3.50 (48.4 damage per second) +14 agility +14 stamina requires level 52 item level 57 equip: increases attack power by 21.   you haven't collected this appearance
515403,Caravan Utility Hammer,False,51,56,Two-hand,INVTYPE_2HWEAPON,Weapon,Two-Handed Maces,2,0,0,0,0,0,0,0,0.0,True,False,True,"Un'Goro Crater 45.0, 62.0 [CONFIRMED]",caravan utility hammer worldforged binds when picked up two-hand mace 120 - 179 damage speed 3.70 (40.4 damage per second) +10 strength +11 stamina requires level 51 item level 56 equip: increases defense rating by 12.   you haven't collected this appearance
515411,Goblin Plant Slicer,False,51,56,Two-hand,INVTYPE_2HWEAPON,Weapon,Two-Handed Swords,2,0,0,0,0,0,0,0,0.0,True,False,True,"Un'Goro Crater 60.0, 32.5 [FADING]",goblin plant slicer worldforged binds when picked up two-hand sword 113 - 170 damage speed 3.50 (40.4 damage per second) +10 strength +11 stamina requires level 51 item level 56 equip: increases attack power by 16.   you haven't collected this appearance
354300,Hexed Staff,False,51,56,Two-hand,INVTYPE_2HWEAPON,Weapon,Staves,2,0,0,0,0,0,0,0,0.0,True,False,True,"Un'Goro Crater 54.4, 76.5 [FADING]",hexed staff worldforged binds when picked up two-hand staff 97 - 146 damage speed 3.00 (40.4 damage per second) +15 agility +15 stamina requires level 51 item level 56   you haven't collected this appearance
515741,Ancestral Warblade,False,50,55,Two-hand,INVTYPE_2HWEAPON,Weapon,Two-Handed Swords,3,0,0,0,0,0,0,0,0.0,True,False,True,"Tanaris 63.4, 48.0 [CONFIRMED]",ancestral warblade worldforged binds when picked up two-hand sword 138 - 208 damage speed 3.70 (46.8 damage per second) +8 strength +9 agility +9 stamina requires level 50 item level 55 chance on hit: shout ancient war cries granting you 30 increased attack power for 12 seconds.   you haven't collected this appearance
515730,Blood Drinker,False,50,55,Two-hand,INVTYPE_2HWEAPON,Weapon,Two-Handed Axes,3,0,0,0,0,0,0,0,0.0,True,False,True,"The Hinterlands 63.6, 83.6 [CONFIRMED]","blood drinker worldforged binds when picked up two-hand axe 135 - 202 damage speed 3.60 (46.8 damage per second) +8 strength +9 stamina requires level 50 item level 55 equip: increases attack power by 14. chance on hit: strike the target with a leeching chop, dealing additional shadow damage and gaining 100% of the damage dealt as life.   you haven't collected this appearance"
515838,Dunemaul Crusher,False,49,54,Two-hand,INVTYPE_2HWEAPON,Weapon,Two-Handed Maces,3,0,0,0,0,0,0,0,0.0,True,False,True,"Tanaris 41.4, 57.8 [FADING]",dunemaul crusher worldforged binds when picked up two-hand mace 136 - 205 damage speed 3.70 (46.0 damage per second) +12 strength requires level 49 item level 54 equip: increases your armor penetration rating by 13. equip: increases attack power by 20.   you haven't collected this appearance
515312,Ror's Wrecker,False,49,54,Two-hand,INVTYPE_2HWEAPON,Weapon,Two-Handed Axes,3,0,0,0,0,0,0,0,0.0,True,False,True,"Felwood 48.5, 92.0 [CONFIRMED]",ror's wrecker worldforged binds when picked up two-hand axe 132 - 199 damage speed 3.60 (46.0 damage per second) +15 strength +17 agility +8 stamina requires level 49 item level 54   you haven't collected this appearance
515276,Cogbolt's Special,False,48,53,Two-hand,INVTYPE_2HWEAPON,Weapon,Two-Handed Axes,3,0,0,0,0,0,0,0,0.0,True,False,True,"Searing Gorge 40.2, 49.0 [FADING]",cogbolt's special worldforged binds when picked up two-hand axe 130 - 195 damage speed 3.60 (45.1 damage per second) +13 agility +13 stamina requires level 48 item level 53 equip: increases attack power by 19.   you haven't collected this appearance
515735,Desperate Defense,False,48,53,Two-hand,INVTYPE_2HWEAPON,Weapon,Polearms,3,0,0,0,0,0,0,0,0.0,True,False,True,"Arathi Highlands 90.4, 72.1 [FADING]","desperate defense worldforged binds when picked up two-hand polearm 126 - 189 damage speed 3.50 (45.0 damage per second) +9 stamina requires level 48 item level 53 equip: increases defense rating by 9. equip: increases attack power by 13. equip: taking damage when below 35% health will grant you desperate defense, increasing your parry rating by 22 for 15 seconds.   you haven't collected this appearance"
515782,Last Stand,False,47,52,Two-hand,INVTYPE_2HWEAPON,Weapon,Polearms,3,0,0,0,0,0,0,0,0.0,True,False,True,"The Gaping Chasm 42.5, 52.5 [CONFIRMED]","last stand worldforged binds when picked up two-hand polearm 131 - 197 damage speed 3.70 (44.3 damage per second) +9 agility +8 stamina requires level 47 item level 52 equip: increases attack power by 13. chance on hit: strike the target with acidic silithid blood, dealing 33 to 37 nature damage.   you haven't collected this appearance"
410188,Red Chain Belt,False,54,59,Waist,INVTYPE_WAIST,Armor,Mail,3,14,15,0,0,0,0,0,26.0,True,False,True,"Burning Steppes 81.0, 42.1 [FADING]",red chain belt worldforged binds when picked up waist mail 185 armor +10 stamina +15 intellect requires level 54 item level 59 equip: increases spell power by 14.   you haven't collected this appearance
354514,Belt of the Shen'dralar,False,50,55,Waist,INVTYPE_WAIST,Armor,Leather,3,12,13,0,0,0,12,0,22.4,False,False,True,,belt of the shen'dralar worldforged binds when picked up waist leather 83 armor +13 intellect +12 spirit requires level 50 item level 55 equip: increases spell power by 12.   you haven't collected this appearance
410165,Plague Fiend Chain,False,54,59,Waist,INVTYPE_WAIST,Armor,Mail,3,11,12,0,0,0,11,0,20.6,True,False,True,"Eastern Plaguelands 35.0, 69.2 [FADING]",plague fiend chain worldforged binds when picked up waist mail 185 armor +8 stamina +12 intellect +11 spirit requires level 54 item level 59 equip: increases spell power by 11.   you haven't collected this appearance
410218,Cinderthread Sash,False,55,60,Waist,INVTYPE_WAIST,Armor,Cloth,3,14,0,10,0,0,13,0,20.5,True,False,True,"Burning Steppes 16.0, 58.0 [CONFIRMED]",cinderthread sash worldforged binds when picked up waist cloth 45 armor +13 spirit requires level 55 item level 60 equip: increases spell power by 14. equip: improves haste rating by 10.   you haven't collected this appearance
410039,Dustsworn Sash,False,55,60,Waist,INVTYPE_WAIST,Armor,Cloth,3,14,0,10,0,0,14,0,20.5,True,False,True,"Silithus 75.8, 24.9 [FADING]",dustsworn sash worldforged binds when picked up waist cloth 45 armor +14 spirit requires level 55 item level 60 equip: improves haste rating by 10. equip: increases spell power by 14.   you haven't collected this appearance
515611,Hydra Hide Belt,False,54,59,Waist,INVTYPE_WAIST,Armor,Leather,3,0,15,9,0,0,0,0,17.85,True,False,True,"Azshara 62.1, 93.8 [FADING]",hydra hide belt worldforged binds when picked up waist leather 87 armor +10 stamina +15 intellect requires level 54 item level 59 equip: improves haste rating by 9.   you haven't collected this appearance
515371,Wrangler's Cord,False,54,59,Waist,INVTYPE_WAIST,Armor,Leather,3,0,15,9,0,0,13,0,17.85,True,False,True,"Un'Goro Crater 33.0, 73.7 [FADING]",wrangler's cord worldforged binds when picked up waist leather 87 armor +15 intellect +13 spirit requires level 54 item level 59 equip: improves haste rating by 9.   you haven't collected this appearance
410177,Shadowgrasp Sash,False,56,61,Waist,INVTYPE_WAIST,Armor,Cloth,3,11,0,8,0,0,11,0,16.2,True,False,True,"Eastern Plaguelands 46.0, 32.5 [CONFIRMED]",shadowgrasp sash worldforged binds when picked up waist cloth 45 armor +8 stamina +11 spirit requires level 56 item level 61 equip: improves haste rating by 8. equip: increases spell power by 11.   you haven't collected this appearance
515337,Timbermaw Girdle,False,54,59,Waist,INVTYPE_WAIST,Armor,Leather,3,14,0,0,0,0,0,0,14.0,True,False,True,"Felwood 65.1, 3.8 [CONFIRMED]",timbermaw girdle worldforged binds when picked up waist leather 87 armor +10 agility +10 stamina requires level 54 item level 59 equip: increases spell power by 14.   you haven't collected this appearance
515304,Bloodmage Coil,False,46,51,Waist,INVTYPE_WAIST,Armor,Miscellaneous,2,9,0,6,0,0,0,0,12.9,True,False,True,"Blasted Lands 50.7, 14.0 [CONFIRMED]",bloodmage coil worldforged binds when picked up waist +7 stamina requires level 46 item level 51 equip: improves haste rating by 6. equip: increases spell power by 9.   you haven't collected this appearance
354456,Girdle of the Shadowslayer,False,58,63,Waist,INVTYPE_WAIST,Armor,Mail,3,0,0,0,13,0,0,0,5.85,True,False,True,"Deadwind Pass 42.6, 74.5 [FADING]",girdle of the shadowslayer worldforged binds when picked up waist mail 196 armor +11 agility +11 stamina requires level 58 item level 63 equip: improves hit rating by 13.   you haven't collected this appearance
410029,Scourgestalker's Girdle,False,55,60,Waist,INVTYPE_WAIST,Armor,Mail,3,0,0,0,12,0,0,0,5.4,True,False,True,"Western Plaguelands 60.9, 72.1 [FADING]",scourgestalker's girdle worldforged binds when picked up waist mail 188 armor +10 stamina requires level 55 item level 60 equip: increases attack power by 16. equip: improves hit rating by 12.   you haven't collected this appearance
217848,Felthread Warbelt,False,55,60,Waist,INVTYPE_WAIST,Armor,Mail,3,0,0,8,0,0,0,0,5.2,False,False,True,,felthread warbelt binds when picked up waist mail 170 armor +6 agility +6 stamina requires level 51 item level 49 equip: increases attack power by 10. equip: improves haste rating by 6. equip: improves your resilience rating by 28.   you haven't collected this appearance
515727,Shellsplitter Girdle,False,48,53,Waist,INVTYPE_WAIST,Armor,Mail,3,0,0,8,0,0,0,0,5.2,True,False,True,"Tanaris 50.1, 85.0 [FADING]",shellsplitter girdle worldforged binds when picked up waist mail 154 armor +8 strength +9 stamina requires level 48 item level 53 equip: improves haste rating by 8.   you haven't collected this appearance
515772,Dunemaul Warbelt,False,47,52,Waist,INVTYPE_WAIST,Armor,Plate,2,0,0,0,11,0,0,0,4.95,True,False,True,"Tanaris 39.0, 52.2 [CONFIRMED]",dunemaul warbelt worldforged binds when picked up waist plate 330 armor +8 strength requires level 47 item level 52 equip: improves hit rating by 11.   you haven't collected this appearance
515279,Sharp Chain Belt,False,47,52,Waist,INVTYPE_WAIST,Armor,Mail,2,0,0,0,0,7,0,0,2.8,True,False,True,"Searing Gorge 45.8, 44.4 [FADING]",sharp chain belt worldforged binds when picked up waist mail 136 armor +7 agility +7 stamina requires level 47 item level 52 equip: improves critical strike rating by 7.   you haven't collected this appearance
410100,Coldsnap Girdle,False,57,62,Waist,INVTYPE_WAIST,Armor,Plate,3,0,0,0,0,0,0,0,0.0,True,False,True,"Winterspring 58.2, 12.6 [CONFIRMED]",coldsnap girdle worldforged binds when picked up waist plate 335 armor +10 strength +11 stamina requires level 57 item level 62 equip: increases defense rating by 11.   you haven't collected this appearance
410164,Gravewood Belt,False,55,60,Waist,INVTYPE_WAIST,Armor,Leather,3,0,0,0,0,0,0,0,0.0,True,False,True,"Eastern Plaguelands 56.3, 73.7 [CONFIRMED]",gravewood belt worldforged binds when picked up waist leather 89 armor +11 agility +10 stamina requires level 55 item level 60 equip: increases attack power by 16.   you haven't collected this appearance
515609,Spitelash Waistguards,False,53,58,Waist,INVTYPE_WAIST,Armor,Plate,3,0,0,0,0,0,0,0,0.0,True,False,True,"Azshara 66.3, 77.1 [FADING]",spitelash waistguards worldforged binds when picked up waist plate 316 armor +9 strength +10 stamina requires level 53 item level 58 equip: increases your expertise rating by 12.   you haven't collected this appearance
515704,Drowned Link Belt,False,47,52,Waist,INVTYPE_WAIST,Armor,Mail,3,0,0,0,0,0,0,0,0.0,True,False,True,"The Hinterlands 48.1, 36.0 [FADING]",drowned link belt worldforged binds when picked up waist mail 151 armor +12 agility +12 stamina requires level 47 item level 52   you haven't collected this appearance
515184,Sentinel Wrap,False,47,52,Waist,INVTYPE_WAIST,Armor,Mail,2,0,0,0,0,0,0,0,0.0,True,False,True,"Feralas 45.9, 65.9 [FADING]",sentinel wrap worldforged binds when picked up waist mail 136 armor +10 agility +10 stamina requires level 47 item level 52   you haven't collected this appearance
410150,Cryptsilk Cuffs,False,58,63,Wrists,INVTYPE_WRIST,Armor,Cloth,3,12,13,0,0,0,0,0,22.4,True,False,True,"Eastern Plaguelands 67.0, 30.0 [CONFIRMED]",cryptsilk cuffs worldforged binds when picked up wrist cloth 36 armor +9 stamina +13 intellect requires level 58 item level 63 equip: increases spell power by 12.   you haven't collected this appearance
410060,Chitin Thread Wraps,False,57,62,Wrists,INVTYPE_WRIST,Armor,Cloth,3,12,13,0,0,0,0,0,22.4,True,False,True,"Silithus 45.9, 29.1 [CONFIRMED]",chitin thread wraps worldforged binds when picked up wrist cloth 35 armor +9 stamina +13 intellect requires level 57 item level 62 equip: increases spell power by 12.   you haven't collected this appearance
410238,Flame-Kissed Wraps,False,55,60,Wrists,INVTYPE_WRIST,Armor,Cloth,4,14,0,0,0,10,0,0,18.0,True,False,True,"Burning Steppes 65.3, 69.2 [FADING]",flame-kissed wraps worldforged binds when picked up wrist cloth 40 armor +10 stamina requires level 55 item level 60 equip: increases spell power by 14. equip: improves critical strike rating by 10.   you haven't collected this appearance
410072,Bracers of the Bound Storm,False,56,61,Wrists,INVTYPE_WRIST,Armor,Mail,3,12,0,8,0,0,11,0,17.2,True,False,True,"Silithus 31.1, 20.5 [CONFIRMED]",bracers of the bound storm worldforged binds when picked up wrist mail 148 armor +11 spirit requires level 56 item level 61 equip: increases spell power by 12. equip: improves haste rating by 8.   you haven't collected this appearance
278853,Manacles of Eternal Shadow,False,58,63,Wrists,INVTYPE_WRIST,Armor,Cloth,3,11,0,8,0,0,0,0,16.2,True,False,True,"Western Plaguelands 69.0, 74.0 [CONFIRMED]",manacles of eternal shadow worldforged binds when picked up wrist cloth 36 armor requires level 58 item level 63 equip: improves haste rating by 8. equip: increases spell power by 11.   you haven't collected this appearance
410107,Cold Wristguards,False,57,62,Wrists,INVTYPE_WRIST,Armor,Mail,3,0,10,0,0,7,0,0,10.8,True,False,True,"Winterspring 67.1, 37.2 [FADING]",cold wristguards worldforged binds when picked up wrist mail 150 armor +7 agility +7 stamina +10 intellect requires level 57 item level 62 equip: improves critical strike rating by 7.   you haven't collected this appearance
354466,Vintner's Wristguards,False,58,63,Wrists,INVTYPE_WRIST,Armor,Plate,3,0,13,0,0,0,0,0,10.4,True,False,True,"Deadwind Pass 56.0, 81.0 [FADING]",vintner's wristguards worldforged binds when picked up wrist plate 263 armor +8 strength +9 stamina +13 intellect requires level 58 item level 63   you haven't collected this appearance
515702,Aerie Faith Vambraces,False,47,52,Wrists,INVTYPE_WRIST,Armor,Mail,3,9,0,0,0,0,0,0,9.0,True,False,True,"The Hinterlands 46.0, 39.1 [FADING]",aerie faith vambraces worldforged binds when picked up wrist mail 116 armor +6 strength +7 stamina requires level 47 item level 52 equip: increases spell power by 9.   you haven't collected this appearance
515202,Forgotten Wristguards,False,49,54,Wrists,INVTYPE_WRIST,Armor,Leather,2,0,8,0,0,0,0,0,6.4,True,False,True,"Feralas 52.5, 49.3 [CONFIRMED]",forgotten wristguards worldforged binds when picked up wrist leather 56 armor +6 agility +8 intellect requires level 49 item level 54 equip: increases attack power by 9.   you haven't collected this appearance
515330,Sindelle's Fuzzy Cuffs,False,49,54,Wrists,INVTYPE_WRIST,Armor,Mail,3,0,0,7,0,0,10,0,4.55,True,False,True,"Felwood 48.0, 40.0 [CONFIRMED]","sindelle's fuzzy cuffs worldforged binds when picked up wrist mail 133 armor +7 stamina +10 spirit requires level 49 item level 54 equip: improves haste rating by 7. ""surprisingly comfortable!""   you haven't collected this appearance"
515271,Dark Iron Wristbands,False,47,52,Wrists,INVTYPE_WRIST,Armor,Plate,3,0,0,0,8,0,0,0,3.6,True,False,True,"Searing Gorge 41.2, 21.7 [FADING]",dark iron wristbands worldforged binds when picked up wrist plate 281 armor +6 strength +7 stamina requires level 47 item level 52 equip: improves hit rating by 8.   you haven't collected this appearance
354252,Bracers of Emerald Will,False,50,55,Wrists,INVTYPE_WRIST,Armor,Leather,2,0,0,5,0,0,8,0,3.25,True,False,True,"Swamp of Sorrows 82.0, 81.0 [CONFIRMED]",bracers of emerald will worldforged binds when picked up wrist leather 57 armor +6 stamina +8 spirit requires level 50 item level 55 equip: improves haste rating by 5.   you haven't collected this appearance
410149,Deathguard Vambraces,False,56,61,Wrists,INVTYPE_WRIST,Armor,Mail,3,0,0,0,0,7,0,0,2.8,True,False,True,"Eastern Plaguelands 62.0, 44.1 [FADING]",deathguard vambraces worldforged binds when picked up wrist mail 148 armor +7 agility +7 stamina requires level 56 item level 61 equip: increases attack power by 11. equip: improves critical strike rating by 7.   you haven't collected this appearance
515407,Expedition Bracers,False,54,59,Wrists,INVTYPE_WRIST,Armor,Mail,2,0,0,0,0,0,0,0,0.0,True,False,True,"Un'Goro Crater 38.0, 34.0 [CONFIRMED]",expedition bracers worldforged binds when picked up wrist mail 130 armor +7 agility +7 stamina requires level 54 item level 59 equip: increases attack power by 10.   you haven't collected this appearance
410182,Ashfall Vambraces,False,53,58,Wrists,INVTYPE_WRIST,Armor,Plate,3,0,0,0,0,0,0,0,0.0,True,False,True,"Burning Steppes 77.1, 62.0 [CONFIRMED]",ashfall vambraces worldforged binds when picked up wrist plate 245 armor +8 strength +8 stamina requires level 53 item level 58 equip: increases attack power by 12.   you haven't collected this appearance
515397,Elegantly Designed Cuffs,False,53,58,Wrists,INVTYPE_WRIST,Armor,Mail,3,0,0,0,0,0,0,0,0.0,True,False,True,"Un'Goro Crater 37.0, 51.0 [CONFIRMED]",elegantly designed cuffs worldforged binds when picked up wrist mail 141 armor +8 strength +8 stamina requires level 53 item level 58 equip: increases your armor penetration rating by 8.   you haven't collected this appearance
410089,Glacierpaw Bindings,False,53,58,Wrists,INVTYPE_WRIST,Armor,Leather,3,0,0,0,0,0,0,0,0.0,True,False,True,"Winterspring 46.0, 47.0 [CONFIRMED]",glacierpaw bindings worldforged binds when picked up wrist leather 67 armor +8 agility +8 stamina requires level 53 item level 58 equip: increases attack power by 12.   you haven't collected this appearance
515600,Legashi Bracers,False,51,56,Wrists,INVTYPE_WRIST,Armor,Leather,3,0,0,0,0,0,0,0,0.0,True,False,True,"Azshara 66.2, 16.9 [FADING]",legashi bracers worldforged binds when picked up wrist leather 64 armor +8 agility +7 stamina requires level 51 item level 56 equip: increases attack power by 11.   you haven't collected this appearance
515286,Old War Wraps,False,48,53,Wrists,INVTYPE_WRIST,Armor,Leather,2,0,0,0,0,0,0,0,0.0,True,False,True,"Blasted Lands 57.2, 25.9 [FADING]","old war wraps worldforged binds when picked up wrist leather 28 armor +5 strength +6 agility requires level 48 item level 53 equip: increases attack power by 9. ""armor forged for a battle long past.""   you haven't collected this appearance"
